474,동부그룹,-,-,3500,-,-
417,강원랜드,강원 정선군 사북읍 사북1리 424,기타 갬블링 및 베팅업,3515,-,강원
473,삼성메디슨,강원 홍천군 남면 양덕원1리 114,전기식 진단 및 요법 기기 제조업,3500,-,강원
671,삼양사,강원 춘천시 중앙로3가 72-2,도로 건설업,3200,-,강원
023,현대케피코,경기 군포시 당정동 410,자동차 엔진용 부품 제조업,5000,-,경기
095,정보통신정책연구원,경기도 과천시 용머리2길 38(주암동 1-1),-,4174,-,경기
233,노루오토코팅,경기 화성시 장안면 금의리 760-2,일반용 도료 및 관련제품 제조업,3860,-,경기
342,한국코카콜라,경기 의왕시 고천동 289,기타 비알콜음료 제조업,3700,-,경기
343,한신공영,경기 용인시 처인구 백암면 백암리 15-1,아파트 건설업,3700,-,경기
344,현대그린푸드,경기 용인시 수지구 동천동 853-1,기관구내식당업,3700,-,경기
345,LIG넥스원,경기 성남시 분당구 삼평동,무기 및 총포탄 제조업,3700,-,경기
400,대주,경기 화성시 정남면 덕절리 218-1,컴퓨터 프린터 제조업,3600,-,경기
401,에스에프에이,경기 화성시 동탄면 중리 691,산업처리공정 제어장비 제조업,3600,-,경기
402,현대엘리베이터,경기 이천시 부발읍 아미리 산136-1,승강기 제조업,3600,-,경기
403,녹십자,경기 용인시 기흥구 보정동 303,완제 의약품 제조업,3600,-,경기
404,SK케미칼,경기 성남시 분당구 삼평동 686,석유화학계 기초화학물질 제조업,3600,-,경기
405,코오롱생명과학,경기 과천시 별양동 1-23 코오롱타워 9층,완제 의약품 제조업,3600,-,경기
409,신풍제약,경기 안산시 단원구 목내동 434-4,완제 의약품 제조업,3560,-,경기
466,한국오므론전장,경기 안성시 보개면 가율리 492,그외 기타 자동차 부품 제조업,3500,-,경기
467,미원상사,경기 안산시 단원구 목내동 405-3 반월공단 7B-12호,계면활성제 제조업,3500,-,경기
468,SKC,경기 수원시 장안구 정자1동 633,마그네틱 및 광학 매체 제조업,3500,-,경기
469,파리크라상,경기 성남시 중원구 상대원1동 149-3,빵류 제조업,3500,-,경기
470,한국종합기술,경기 성남시 중원구 금광2동 4845,건물 및 토목엔지니어링 서비스업,3500,-,경기
471,국제약품공업,경기 성남시 분당구 야탑동 513-2 상우빌딩,완제 의약품 제조업,3500,-,경기
472,코오롱인더스트리,경기 과천시 별양동 1-23 코오롱타워,비금융 지주회사,3500,-,경기
527,NC소프트,경기 성남시 분당구 삼평동,온라인·모바일 게임 소프트웨어 개발 및 공급업,3400,-,경기
531,대우버스,경기 부천시 오정구 오정동 202-1,승용차 및 기타 여객용 자동차 제조업,3380,-,경기
542,인터플렉스,경기 안산시 단원구 성곡동,인쇄회로기판 제조업,3350,-,경기
543,코오롱베니트,경기 과천시 중앙동,컴퓨터시스템 통합 자문 및 구축 서비스업,3350,-,경기
596,하이게인안테나,경기 안산시 단원구 원시동 772 반월공단 11B-8L,방송장비 제조업,3300,-,경기
597,대한광통신,경기 안산시 단원구 성곡동,광학렌즈 및 광학요소 제조업,3300,-,경기
598,동양건설산업,경기 수원시 권선구 권선동 1015,도로 건설업,3300,-,경기
599,신동아건설,경기 성남시 분당구 이매동 137-2 한풍상가 401호,아파트 건설업,3300,-,경기
600,네오위즈게임즈,경기 성남시 분당구 구미동 192-2 네오위즈타워,제조 서비스 방송/영상 유통(전자상거래)/물류,3300,-,경기
601,유진기업,경기 부천시 오정구 삼정동 52-6,레미콘 제조업,3300,-,경기
626,경동나비엔,경기 평택시 세교동 437,가정용 비전기식 조리 및 난방 기구 제조업,3250,-,경기
670,코오롱글로텍,경기 과천시 별양동 1-23 코오롱타워 8층,특수직물 및 기타직물 직조업,3200,-,경기
676,국토연구원,경기 안양시 동안구 관양동,기타 인문 및 사회과학 연구개발업,3167,-,경기
684,잉크테크,경기 안산시 단원구 신길동 1124,인쇄잉크 제조업,3150,-,경기
720,동원산업,경기 안산시 단원구 원시동 778-2,그외 기타 자동차 부품 제조업,3100,-,경기
721,도시바삼성스토리지테크놀러지코리아,경기 수원시 영통구 신동 486 디지털엠파이어2빌딩 102동 14층,기억장치 제조업,3100,-,경기
722,키엔스코리아,경기 성남시 분당구 서현동 270-1 서현빌딩 8층,전기용 기계장비 및 관련 기자재 도매업,3100,-,경기
723,휴온스,경기 성남시 분당구 삼평동 621 판교이노밸리 C동 901호,제약·보건·바이오,3100,-,경기
724,한글과컴퓨터,경기 성남시 분당구 삼평동,응용소프트웨어 개발 및 공급업,3100,-,경기
743,에너지관리공단,경기 용인시 수지구 풍덕천2동 1157,기타 산업진흥 행정,3026,-,경기
807,한국전력기술,경기 용인시 기흥구 마북동 360-9,기타 엔지니어링 서비스업,2972,-,경기
810,교통안전공단,경기 안산시 단원구 화랑로 117동,공사/공기업,2966,-,경기
816,대성전기공업,경기 안산시 단원구 원시동 743-5 반월공단 8B-27L,자동차 엔진용 부품 제조업,2950,-,경기
851,기가비스,경기 평택시 진위면 청호리 330-9,물질 검사 측정 및 분석기구 제조업,2840,-,경기
852,한국석유공사,경기 안양시 동안구 관양동 1588-14,원유 및 천연가스 채굴관련 서비스업,2840,-,경기
885,에이테크솔루션,경기 화성시 정남면 고지리 123-1,주형 및 금형 제조업,2800,-,경기
886,한광,경기 화성시 양감면 사창리 1092,전자응용 공작기계 제조업,2800,-,경기
887,대덕전자,경기 안산시 단원구 목내동 390-1 2B-18,인쇄회로기판 제조업,2800,-,경기
888,동서기공,경기 시흥시 정왕1동 1292-5 시화공단 4나 507호,그외 기타 자동차 부품 제조업,2800,-,경기
956,NHN I&S,경기 성남시 분당구 서현동 263번지 분당스퀘어 16층,시스템 소프트웨어 개발 및 공급업,2700,-,경기
957,쎌바이오텍,경기 김포시 월곶면 개곡리 134,액상시유 및 기타 낙농제품 제조업,2700,-,경기
958,에스코넥,경기 광주시 오포읍 양벌리 487-7,이동전화기 제조업,2700,-,경기
972,이노시티,경기 화성시 향남읍 요리 26-1,반도체 제조용 기계 제조업,2607,-,경기
312,현대로템,경남 창원시 의창구 대원동 85,기관차 및 기타 철도차량 제조업,3750,-,경남
399,포스코특수강,경남 창원시 성산구 적현동,철강선 제조업,3600,-,경남
407,한국전기연구원,경남 창원시 성산구 성주동,전기·전자공학 연구개발업,3575,-,경남
355,포스코강판,경북 포항시 남구 장흥동 470,도금 착색 및 기타 표면처리강재 제조업,3650,-,경북
359,동부특수강,경북 포항시 남구 괴동동,금속·철강·요업,3640,-,경북
398,도레이첨단소재,경북 구미시 임수동 93-1,플라스틱 필름 시트 및 판 제조업,3600,-,경북
397,서암기계공업,광주 광산구 안청동 738-5,기어 및 동력전달장치 제조업,3600,-,광주
115,대국경북과학기술원,대구광역시 달성군 현풍면 상리 50-1,-,4056,-,대구
206,한국한의학연구언,대전 유성구 전민동 461-24,연구소·컨설팅,3936,-,대전
315,한국과학기술원,대전광역시 유성구 과학로 335,-,3715,-,대전
546,한국전자통신연구원,대전시 유성구 가정로 218,전기·전자공학 연구개발업,3329,-,대전
604,한국기초과학지원연구원,대전 유성구 어은동,물리 화학 및 생물학 연구개발업,3284,-,대전
725,한국철도시설공단,대전 동구 신안동,철도시설의 건설 및 관리,3089,-,대전
739,한국조폐공사,대전 유성구 가정동 35,기타 인쇄물 출판업,3047,-,대전
839,한전원자력연료,대전 유성구 덕진동 493,기타 기초무기화학물질 제조업,2862,-,대전
002,현대모비스,서울 강남구 역삼1동 679-4 서울인터내셔널타워 23층,그외 기타 자동차 부품 제조업,5900,-,서울
022,SK플래닛,서울 중구 을지로2가,-,5000,-,서울
037,현대종합상사,서울 종로구 계동 140-2 현대빌딩 11층,상품 종합 도매업,4600,-,서울
042,한국세라믹기술원,서울 금천구 가산동 233-5 요업기술원 창업보육센터,공학 및 기술 연구 개발업,4506,-,서울
051,한화건설,서울 중구 장교동,도로 건설업,4500,-,서울
065,두산정보통신,서울 종로구 연지동,-,4350,-,서울
066,한국정책금융공사,서울특별시 영등포구 여의도동 16,-,4310,-,서울
072,예금보험공사,서울 중구 다동 33,기타 보험 및 연금관련 서비스업,4278,-,서울
077,한국에너지기술평가원,서울 강남구 테헤란로 114길 14,-,4201,-,서울
093,우리은행,서울 중구 회현동1가 203,국내은행,4200,-,서울
094,삼성생명,서울 중구 태평로2가,생명 보험업,4200,-,서울
096,한국수출은행,서울 영등포구 여의도동 16-1,수출지원 금융 해외투자 금융 수입 금융 등,4156,-,서울
122,동양증권,서울 중구 을지로2가 185,증권 중개업,4050,-,서울
229,삼성카드,서울 중구 태평로2가 250 삼성본관빌딩 26층,신용카드 및 할부금융업,3900,-,서울
230,유풍,서울 구로구 구로본동 416-1,모자 제조업,3890,-,서울
241,한국예탁결제원,서울 영등포구 여의도동 34-6,유가증권 관리 및 보관업,3830,-,서울
244,한국무역보험공사,서울 종로구 서린동 136 서울센트럴빌딩,금융 보험업,3813,-,서울
298,한국필립모리스,서울 중구 태평로1가 84 파이낸스빌딩 24층,담배제품 제조업,3800,-,서울
299,휴켐스,서울 중구 충무로3가 60-1 극동빌딩 19층,그외 기타 분류안된 화학제품 제조업,3800,-,서울
300,한화호텔앤드리조트,서울 중구 장교동 1 한화빌딩 8층,휴양콘도 운영업,3800,-,서울
314,한진정보통신,서울 강서구 등촌1동 653-25 대한항공인력개발센터 5층,시스템 소프트웨어 개발 및 공급업,3730,-,서울
348,싸이버로지텍,서울 마포구 상암동 1605 누리꿈스퀘어연구개발타워 16층,시스템 소프트웨어 개발 및 공급업,3680,-,서울
350,무림페이퍼,서울 강남구 신사동 505번지,인쇄용 및 필기용 원지 제조업,3670,-,서울
413,아스공항,서울 강서구 공항동 1373,기타 항공 운송지원 서비스업,3550,-,서울
418,신용보증기금,서울 마포구 공덕2동 254-5,보증 보험업,3504,-,서울
476,코스테크,서울 서초구 양재동,컴퓨터 및 주변장치 소프트웨어 도매업,3489,-,서울
478,한국장학재단,서울시 중구 남대문로5가 84-11 연세세브란스빌딩 19층,공기업 및 준정부기관,3485,-,서울
528,매일유업,서울 종로구 운니동 98-5 삼환빌딩,액상시유 및 기타 낙농제품 제조업,3398,-,서울
534,대우정보시스템,서울 종로구 관철동 10-2 삼일빌딩,컴퓨터시스템 통합 자문 및 구축 서비스업,3370,-,서울
547,국민체육진흥공단,서울특별시 노원구 공릉동 산223-19,체육공원 및 유사 공원 운영업,3328,-,서울
553,한양,서울 송파구 신천동,아파트건설업,3302,-,서울
610,산업기술연구회,서울 서초구 서초2동 1376-1 외교센터 306호,-,3267,-,서울
611,사립학교교직원연금관리공단,서울시 영등포구 여의도동 27-2 사학연금회관,-,3266,-,서울
627,한국특허정보원,서울 강남구 역삼동,공공기관·협회,3244,-,서울
631,한국과학창의재단,서울 강남구 삼성2동,그외 기타 협회 및 단체,3239,-,서울
678,한국소비자원,서울 서초구 염곡동 300-4,-,3154,-,서울
685,한국폴리텍대학,서울 마포구 공덕동,직업교육훈련기관,3149,-,서울
687,대한장애인체육회,서울 송파구 방이동,공기업·공공기관·협회,3131,-,서울
726,한국문화관광연구원,서울 강서구 방화동,컨설팅·연구·조사,3082,-,서울
740,한국해양과학기술진흥원,서울 서초구 양재동 (논현로 87) 삼호물산빌딩 제B동 4층,정부·공공기관·공기업,3044,-,서울
745,한국문화예술위원회,서울 구로구 구로동 26-1번지,그외 기타 협회 및 단체,3016,-,서울
803,대한지적공사,서울 영등포구 여의도동 45,측량업,2995,-,서울
855,한길아이티,서울 구로구 구로3동 235-2 에이스하이엔드타워 601호 602호,시스템 소프트웨어 개발 및 공급업,2826,-,서울
859,대한법률구조공단,서울 서초구 법원4길 17 대한법률구조공단빌딩,공사/공기업,2815,-,서울
892,금화피에스시,서울 강남구 역삼1동 643-11 금화빌딩,철골 공사업,2780,-,서울
905,한국출판문화산업진흥원,서울 강서구 방화3동 827번지 국립국어원 4층,정부·공공기관,2732,-,서울
914,한국임업진흥원,서울 마포구 상암동 DMC 이안 상암2단지 한솔교육빌딩 12층,정부·공공기관,2709,-,서울
969,해양환경관리공단,서울시 강남구 삼성동 71번지 해공빌딩,공사/공기업,2627,-,서울
971,노사발전재단 전직지원센터,서울 마포구 공덕동 254-8 별정우체국연금관리단빌딩 6층,그외 기타 협회 및 단체,2609,-,서울
297,LS니꼬동제련,울산 울주군 온산읍 대정리 70,동 제련 정련 및 합금 제조업,3800,-,울산
303,울산항만공사,울산 남구 장생포동,-,3764,-,울산
349,무림피앤피,울산 울주군 온산읍 당월리 1,펄프 제조업,3670,-,울산
062,만도헬라일렉트로닉스,인천 연수구 송도동 10-42 만도헬라일렉트로닉스,자동차 전자부품 제조 및 판매,4400,-,인천
192,현대제철,인천 동구 송현3동 1 현대제철,제철업,4000,-,인천
193,V-ENS,인천 계양구 효성2동 236-1 엘지씨엔에스정보기술센터 3층,기타 엔지니어링 서비스업,4000,-,인천
228,동서식품,인천 부평구 청천2동 411-1,기타 비알콜음료 제조업,3900,-,인천
689,인천항만공사,인천광역시 중구 신흥동 3가 7-241 정석빌딩 신관,항구 및 기타 해상 터미널 운영업,3102,-,인천
805,안전보건공단,인천광역시 부평구 기능대학길 25(구산동 34-4),공사 공기업,2979,-,인천
838,선박안전기술공단,인천시 연수구 송도동 7-50번지 갯벌타워 121314층,공사/공기업,2876,-,인천
191,조선내화,전남 광양시 태인동 1657-9,구조용 정형내화제품 제조업,4000,-,전남
050,중부도시가스,충남 아산시 음봉면 산동리 420-12,가스 제조 및 배관공급업,4500,-,충남
092,현대파워텍,충남 서산시 지곡면 화천리 222,자동차용 동력전달장치 제조업,4200,-,충남
112,한국내화,충남 당진군 송산면 가곡리 386-14,구조용 정형내화제품 제조업,4100,-,충남
188,위니아만도,충남 아산시 탕정면 매곡리 121,기타 가정용 전기기기 제조업,4000,-,충남
189,삼성토탈,충남 서산시 대산읍 독곶리 411-1,석유화학계 기초화학물질 제조업,4000,-,충남
190,희성피엠텍,충남 당진군 송악읍 부곡리 563-18,기타 비철금속 제련 정련 및 합금 제조업,4000,-,충남
243,세메스,충남 천안시 서북구 직산읍 모시리 278,반도체 제조용 기계 제조업,3814,-,충남
295,현대약품,충남 천안시 동남구 풍세면 남관리 200,의약용 화합물 및 항생물질 제조업,3800,-,충남
296,씨텍,충남 서산시 대산읍 대죽리 679,화력 발전업,3800,-,충남
895,에스에이씨,충남 아산시 인주면 걸매리 1036번지,산업용 오븐 노 및 노용 버너 제조업,2774,-,충남
903,우남건설,충남 천안시 서북구 두정동 1434 우남빌딩,아파트 건설업,2740,-,충남
227,콘티넨탈오토모티브일렉트로닉스,충북 청원군 부용면 금호리 249,자동차용 전기장치 제조업,3900,-,충북
293,매그나칩반도체,충북 청주시 흥덕구 향정동 1 매그나칩반도체,전기·전자·반도체,3800,-,충북
294,BR코리아,충북 음성군 삼성면 용성리 34-12,아이스크림 및 기타 식용빙과류 제조업,3800,-,충북
847,한국보건복지인력개발원,충북 청원군 오송읍 오송생명2로 187 오송보건의료행정타운,직원훈련기관,2846,-,충북
128,삼성비피화학,울산 울주군 청량면 상남리 2-2,기타 기초유기화학물질 제조업,4000,95794,울산
001,현대자동차,서울 서초구 양재2동 231,승용차 및 기타 여객용 자동차 제조업,5900,63099,서울
129,파라다이스카지노,서울특별시 중구 장충동 2가 186-210,기타 갬블링 및 베팅업,4000,38363,서울
053,한화/무역,서울 중구 장교동,무역·상사,4400,33643,서울
003,기아자동차,서울 서초구 양재2동 231,승용차 및 기타 여객용 자동차 제조업,5800,33576,서울
199,현대라이프,서울 영등포구 여의도동 25-12 현대라이프,-,3950,32451,서울
013,현대중공업,울산 동구 전하1동 1,기타 선박 건조업,5200,27246,울산
130,삼성에버랜드,서울 중구 태평로2가 250 삼성본관빌딩,유원지 및 테마파크 운영업,4000,26943,서울
078,한화케미칼,서울 중구 장교동 1 한화빌딩 17층,석유화학계 기초화학물질 제조업,4200,21693,서울
131,신세계건설,서울 중구 장충동1가 56-85,사무 및 상업용 건물 건설업,4000,20756,서울
554,원익머트리얼즈,충북 청원군 오창읍 각리 654-3 오창과학산업단지,석유·화학·에너지,3300,20479,충북
813,한국전력공사,서울 강남구 삼성1동 167 한국전력빌딩,송전 및 배전업,2959,20000,서울
419,경신전선,충남 천안시 서북구 입장면,기타 절연선 및 케이블 제조업,3500,20000,충남
073,호텔롯데,서울 중구 소공동 1,호텔업,4250,17832,서울
132,한화S&C,서울 중구 장교동 1 한화빌딩 20층,시스템 소프트웨어 개발 및 공급업,4000,17694,서울
362,세크론,충남 천안시 서북구 차암동 4-4,반도체 제조용 기계 제조업,3600,17147,충남
492,갑을오토텍,충남 아산시 탕정면 매곡리 121-2,그외 기타 자동차 부품 제조업,3400,15510,충남
079,KB국민은행,서울 중구 남대문로2가 9-1 국민은행본점빌딩,국내은행,4200,15437,서울
014,신한은행,서울 중구 태평로2가 120,국내은행,5200,14638,서울
007,삼성중공업,서울 서초구 서초2동 1321-15 삼성생명 서초타워 35층,강선 건조업,5400,13546,서울
006,대우조선해양,서울 중구 다동 85,강선 건조업,5400,13298,서울
133,미래에셋증권,서울 중구 수하동 67번지 미래에셋센터원빌딩,증권 중개업,4000,12617,서울
748,나노신소재,충북 청원군 부용면 금호리 244 부용지방산업단지,그외 기타 분류안된 화학제품 제조업,3000,12470,충북
116,신영증권,서울 영등포구 여의도동 34-8,증권 중개업,4050,12440,서울
080,SK건설,서울 종로구 관훈동 192-18,기타 토목시설물 건설업,4200,9946,서울
533,한국수력원자력,서울 강남구 삼성1동,수력 발전업,3376,9331,서울
690,심텍,충북 청주시 흥덕구 송정동 70-5,전자집적회로 제조업,3100,9266,충북
134,한국미쓰비시상사,서울 중구 소공동 1 롯데쇼핑센타빌딩 23층,상품 종합 도매업,4000,9013,서울
135,롯데백화점,서울 중구 소공동 1,백화점,4000,8500,서울
030,두산모트롤,경남 창원시 성산구 내동,금속/철강/요업,4650,8428,경남
749,엠이엠씨코리아,충남 천안시 서북구 성거읍 오목리 27,다이오드 트랜지스터 및 유사 반도체소자 제조업,3000,7900,충남
015,SK플래닛,서울 중구 을지로2가,-,5000,7468,서울
076,삼성엔지니어링,서울 강남구 도곡2동 467-14 삼성SEI타워 1층,산업플랜트 건설업,4230,7135,서울
123,LG CNS,서울 중구 회현동2가 10-1 프라임타워,컴퓨터시스템 통합 자문 및 구축 서비스업,4040,6911,서울
246,드림파마,서울 중구 장교동 1 한화빌딩 13층,완제 의약품 제조업,3800,6857,서울
081,삼천리,서울 영등포구 여의도동 35-6,가스 제조 및 배관공급업,4200,6815,서울
101,LG유플러스,서울 중구 남대문로5가 827 엘지유플러스타워,무선통신업,4120,6780,서울
054,SK텔레콤,서울 중구 을지로2가 11,무선통신업,4400,6382,서울
082,수산업협동조합중앙회,서울 송파구 신천동 11-6,국내은행,4200,6160,서울
055,삼성화재해상보험,서울 중구 을지로1가,증권·보험·카드,4400,5808,서울
029,두산인프라코어,인천 동구 화수동 7-11,토목공사 및 유사용 기계장비 제조업,4750,5554,인천
010,대림산업,서울 종로구 수송동 146-12 대림빌딩,산업플랜트 건설업,5360,5456,서울
026,동부화재해상보험,서울 강남구 대치4동 891-10 동부금융센터 11층,손해 보험업,4820,5201,서울
420,이녹스,충남 아산시 둔포면 석곡리 1352,그외 기타 전자부품 제조업,3500,5200,충남
411,더케이손해보험,서울 종로구 인의동 112-1 동원회관빌딩 11층,손해 보험업,3550,5165,서울
211,OCI,서울 중구 소공동 소공로 94 OCI빌딩,석유화학계 기초화학물질 제조업,3900,5078,서울
635,한국네슬레,충북 청주시 흥덕구 송정동 1-8,커피 가공업,3200,4943,충북
234,동국제강,서울 중구 수하동 66 페럼타워,제강업,3850,4803,서울
200,JW중외제약,서울 서초구 서초동,완제 의약품 제조업,3950,4789,서울
351,코웨이,충남 공주시 유구읍 유구리 658,액체 여과기 제조업,3650,4776,충남
043,서울보증보험,서울 종로구 연지동 136-74 보증보험빌딩,보증 보험업,4500,4738,서울
097,한화,서울 중구 장교동 1 한화빌딩 24층,화약 및 불꽃제품 제조업,4150,4704,서울
535,서울대학교병원,서울특별시 종로구 대학로 101(연건동 28번지),-,3366,4704,서울
316,대우전자부품,전북 정읍시 망제동,자동차용 전기장치 제조업,3700,4657,전북
247,CJ프레시웨이,서울 중구 쌍림동 782-3 CJ빌딩 인사팀,기타 가공식품 도매업,3800,4622,서울
363,니프코코리아,충남 천안시 서북구 차암동 14-4,기계장비 조립용 플라스틱제품 제조업,3600,4541,충남
677,한전KPS,경기 성남시 분당구 금곡동 196,일반전기 공사업,3155,4500,경기
414,GS리테일,서울 영등포구 문래동6가 10 GS강서타워,체인화 편의점,3530,4373,서울
205,SK C&C,경기 성남시 분당구 정자동 25-1 SK u-타워,컴퓨터시스템 통합 자문 및 구축 서비스업,3940,4344,경기
011,현대삼호중공업,전남 영암군 삼호읍 용당리 1700,강선 건조업,5300,4300,전남
102,효성굿스프링스,서울 마포구 공덕동 254-8 별정우체국연합회빌딩 15층,액체 펌프 제조업,4100,4298,서울
056,대우건설,서울 종로구 신문로1가 57 대우건설,아파트 건설업,4400,4192,서울
136,여천NCC,서울 중구 남대문로4가 45 상공회의소회관 8층,석유화학계 기초화학물질 제조업,4000,4192,서울
016,코리안리재보험,서울 종로구 수송동 80,재 보험업,5000,4177,서울
893,한국도로공사,경기 성남시 수정구 금토동 293-1,도로 및 관련시설 운영업,2778,4152,경기
117,아세아시멘트,서울 강남구 역삼2동 726 아세아타워빌딩,비금융 지주회사,4050,4043,서울
039,두산그룹,서울 중구 을지로6가,비금융 지주회사,4560,4038,서울
747,한국수자원공사,대전 대덕구 연축동 산6-2,수로 댐 및 급 · 배수시설 건설업,3001,4035,대전
421,셀트리온,인천 연수구 송도동 13-6,생물학적 제제 제조업,3500,4027,인천
636,자화전자,충북 청원군 북이면 현암리 7-6,전자저항기 제조업,3200,4000,충북
306,에스엔엔씨,전남 광양시 금호동 878,합금철 제조업,3750,3940,전남
691,일진Materials,전북 익산시 팔봉동 827,동 압연 압출 및 연신제품 제조업,3100,3928,전북
098,교보생명,서울 종로구 종로1가 1-1 교보생명빌딩,생명 보험업,4150,3898,서울
408,넥센타이어,경남 양산시 유산동 30,타이어 및 튜브 제조업,3561,3885,경남
317,경신,인천 연수구 송도동 7-1,그외 기타 자동차 부품 제조업,3700,3881,인천
212,대원강업,서울 중구 남대문로5가 6-15,금속 스프링 제조업,3900,3878,서울
025,현대미포조선,울산 동구 방어동 1381,강선 건조업,4850,3824,울산
750,오스템,충남 천안시 동남구 수신면 장산리 462-1,자동차 차체용 부품 제조업,3000,3815,충남
248,울트라건설,서울 중구 서소문동 75-95 유원빌딩,사무 및 상업용 건물 건설업,3800,3697,서울
249,CJ대한통운,서울 중구 서소문동 58-12 58-12 대한통운 빌딩,일반 화물자동차 운송업,3800,3661,서울
416,한국광해관리공단,서울특별시 종로구 청진동길 30(수송동) 석탄회관빌딩,-,3515,3657,서울
250,펜오션 주식회사,서울 중구 남대문로5가 631 에스티엑스남산타워 (서울 중구 후암로 98),외항 화물 운송업,3800,3600,서울
615,한국보훈복지의료공단,서울 서초구 반포1동,-,3255,3538,서울
074,광주은행,광주 동구 대인동 7-12,국내은행,4250,3509,광주
555,JS전선,충남 천안시 동남구 풍세면 보성리 569,기타 절연선 및 케이블 제조업,3300,3500,충남
862,코스모신소재,충북 충주시 목행동 315,마그네틱 및 광학 매체 제조업,2800,3461,충북
103,신세계,서울 중구 충무로1가 52-5,백화점,4100,3395,서울
017,현대해상화재보험,서울 종로구 세종로 178,손해 보험업,5000,3338,서울
251,CJ,서울 중구 남대문로5가 500 CJ빌딩,비금융 지주회사,3800,3307,서울
235,장금상선,서울 중구 북창동 21번지 해남빌딩 신관 2층,외항 화물 운송업,3850,3296,서울
422,SK에너지,인천 서구 원창동,원유 정제처리업,3500,3296,인천
423,동광기연,인천 계양구 작전동 681-1,자동차 차체용 부품 제조업,3500,3275,인천
894,대한적십자사,서울특별시 중구 소파길 10번지(남산동 3가 32번지),사회복지,2775,3248,서울
856,한국가스공사,경기 성남시 분당구 정자동 215 한국가스공사,가스 제조 및 배관공급업,2822,3202,경기
018,현대건설,서울 종로구 계동 140-2,도로 건설업,5000,3200,서울
019,GS칼텍스,서울 강남구 역삼1동 679 GS강남타워,원유 정제처리업,5000,3193,서울
137,LG이노텍,서울 중구 남대문로 5가 541번지 서울스퀘어 20층,액정 평판 디스플레이 제조업,4000,3179,서울
318,신한기계,울산 울주군 온산읍 우봉리 117,선박 구성부분품 제조업,3700,3150,울산
424,매경닷컴,서울 중구 필동1가,데이터베이스 및 온라인정보 제공업,3500,3144,서울
319,KISWEL(고려용접봉),서울 중구 주자동 43-1 흥국빌딩 경남 창원 성주 58-2,그외 기타 분류안된 금속가공제품 제조업,3700,3087,서울
067,제일기획,서울 용산구 한남동 736-1,광고 대행업,4300,3084,서울
637,한솔테크닉스,충북 진천군 덕산면,전자관 제조업,3200,3050,충북
032,현대엔지니어링,서울 양천구 목1동 917-9 현대41타워 2층,산업플랜트 건설업,4640,3039,서울
038,우리투자증권,서울 영등포구 여의도동 23-4,증권 중개업,4565,2926,서울
425,남성해운,서울 중구 장교동 1 장교빌딩 1706호,외항 화물 운송업,3500,2874,서울
364,한화폴리드리머,충남 천안시 서북구 성환읍 성환리 105-1,플라스틱 필름 시트 및 판 제조업,3600,2849,충남
911,전남대학교병원,광주 동구 학동 제봉로 42,공사/공기업,2717,2831,광주
138,삼성증권,서울 종로구 종로2가 6 종로타워 12층,증권 중개업,4000,2820,서울
961,부산대학교병원,부산광역시 서구 구덕로 305 부산대학교병원,공사/공기업,2657,2789,부산
139,LG생명과학,서울 종로구 신문로2가 92 LG광화문빌딩,완제 의약품 제조업,4000,2788,서울
140,금호산업,서울 종로구 신문로1가,아파트 건설업,4000,2750,서울
141,미래에셋생명보험,서울 영등포구 영등포동4가 442 타임스퀘어 A동,생명 보험업,4000,2736,서울
213,흥국화재해상보험,서울 종로구 신문로1가 226,손해 보험업,3900,2711,서울
426,에스원,서울 중구 순화동,보안시스템 서비스업,3500,2700,서울
083,KDB생명보험,서울 서대문구 충정로2가,생명 보험업,4200,2698,서울
005,현대위아,경남 창원시 성산구 가음정동 391-8,그외 기타 자동차 부품 제조업,5450,2674,경남
974,삼동,충북 음성군 대소면 삼호리 산39,기타 절연선 및 케이블 제조업,2600,2673,충북
252,고려해운,서울 중구 남대문로2가 118 한진빌딩 15층,외항 화물 운송업,3800,2664,서울
253,CJ그룹,서울 중구 남대문로 5가 500번지 CJ빌딩,기타사업자,3800,2617,서울
028,한국투자증권,서울 영등포구 여의도동 27-1,증권 중개업,4760,2608,서울
811,대교,서울 관악구 보라매동 729-21 대교타워,교과서 및 학습서적 출판업,2960,2592,서울
491,팬택,서울 마포구 상암동 디엠씨구역 아이2블럭 팬택계열알앤디센터,이동전화기 제조업,3410,2588,서울
033,메리츠화재,서울 강남구 역삼1동 825-2 메리츠타워,손해 보험업,4633,2534,서울
365,한국기계산업진흥회기술교육원,충남 천안시 동남구 병천면,협회·단체,3600,2506,충남
556,한국에프엠,충남 연기군 동면 응암리 666-8,자동차용 동력전달장치 제조업,3300,2500,충남
427,현대씨앤알,서울 중구 명동2가 92-3 현대해상화재보험빌딩 15층,사업시설 유지관리?서비스업,3500,2488,서울
142,LG하우시스,서울 영등포구 여의도동 국제금융로 10 국제금융센터(One IFC),건축자재 장식자재 외,4000,2483,서울
254,CJ제일제당,서울 중구 남내문로 5가 500,식품제조 및 유통,3800,2477,서울
428,엔와이케이라인코리아,서울 중구 남대문로5가 84-11 연세세브란스빌딩 22층,화물운송 중개 대리 및 관련서비스업,3500,2441,서울
320,태광산업,서울 중구 장충동2가 162-1,화학섬유 방적업,3700,2400,서울
118,삼성SDS,서울 강남구 역삼2동 707-19 일옥빌딩,시스템 소프트웨어 개발 및 공급업,4050,2380,서울
917,서울식품공업,충북 충주시 목행동 502-1,빵류 제조업,2700,2374,충북
544,스태츠칩팩코리아,경기 이천시 부발읍 아미리 산136-1,반도체·광학·LCD,3340,2350,경기
429,CJ올리브영,서울 중구 남대문로5가,체인화 편의점,3500,2329,서울
255,현대상선,서울 종로구 연지동 1-7 현대그룹빌딩,외항 화물 운송업,3800,2305,서울
806,한국국방연구원,서울 동대문구 청량리동 산 5-7,공기업·공공기관·공사,2972,2299,서울
529,CJ E&M,서울 마포구 상암동,위성 및 기타 방송업,3380,2233,서울
104,한국씨티은행,서울 중구 다동 39,국내은행,4100,2232,서울
975,에이디엠이십일,충남 청양군 청양읍 학당리 607,자동차용 전기장치 제조업,2600,2232,충남
143,JB우리캐피탈,서울 영등포구 여의도동 24-4번지 JB빌딩,신용카드 및 할부금융업,4000,2229,서울
084,NH농협손해보험,서울 서대문구 미근동,손해 보험업,4200,2174,서울
044,한화생명보험,서울 영등포구 여의도동,생명 보험업,4500,2169,서울
105,SK해운,서울 중구 남대문로5가 267 SK남산빌딩 19층,외항 화물 운송업,4100,2124,서울
493,창해에탄올,전북 전주시 덕진구 팔복동3가 829,주정 제조업,3400,2114,전북
804,한국동서발전,서울 강남구 삼성1동 167 한국전력빌딩 별관 3층,화력 발전업,2985,2113,서울
612,한국남동발전,서울 강남구 삼성1동 167 한국전력빌딩,화력 발전업,3264,2100,서울
430,폴라리스쉬핑,서울 중구 남대문로4가 45 상공회의소회관 8층,외항 화물 운송업,3500,2095,서울
256,코리아크레딧뷰로,서울 종로구 연지동 136-74 보증보험빌딩 11층,-,3800,2087,서울
607,한국중부발전,서울 강남구 삼성1동 167 한국전력빌딩 17층,화력 발전업,3274,2042,서울
431,한국은행,서울 중구 남대문로3가 110,중앙 은행,3500,2000,서울
257,서브원,서울 종로구 신문로2가 92,전자상거래업,3800,1985,서울
692,남양건설,전남 나주시 송월동 766,도로 건설업,3100,1974,전남
321,세아제강,서울 중구 봉래동1가 10 우리빌딩,주철관 제조업,3700,1970,서울
144,LG화학,서울 영등포구 여의도동 20 LG트윈타워 동관 23층,석유화학계 기초화학물질 제조업,4000,1939,서울
432,셰플러코리아,서울 종로구 종로1가,볼베어링 및 롤러베어링 제조업,3500,1938,서울
608,한국남부발전,서울 강남구 삼성1동 167 한국전력빌딩,화력 발전업,3273,1938,서울
258,SK종합화학,서울 종로구 서린동 SK빌딩,-,3800,1892,서울
236,LG,서울 영등포구 여의도동 20 LG트윈타워,기타 부동산 임대업,3850,1887,서울
494,피피지에스에스씨,울산 남구 여천동 190-9,일반용 도료 및 관련제품 제조업,3400,1864,울산
194,한라,서울 송파구 신천동 7-19 시그마타워 9층,도로 건설업,3980,1861,서울
100,롯데손해보험,서울 중구 남창동 51-1,손해 보험업,4130,1859,서울
632,한국서부발전,서울 강남구 역삼1동 737 강남파이낸스센터 27층,화력 발전업,3236,1847,서울
366,경보제약,충남 아산시 실옥동 345-6,의약용 화합물 및 항생물질 제조업,3600,1830,충남
433,금호아시아나그룹,서울 종로구 신문로1가 57번지 금호아시아나 1관,-,3500,1826,서울
638,일진다이아몬드,충북 음성군 대소면 오류1리 614-2,기타 기초무기화학물질 제조업,3200,1800,충북
004,현대오일뱅크,충남 서산시 대산읍 대죽리,원유 정제처리업,5700,1798,충남
214,이랜드,서울 마포구 창전동 19-8 이랜드빌딩,셔츠 및 체육복 제조업,3900,1782,서울
085,아시아나항공,서울 강서구 오쇠동 47,정기 항공 운송업,4200,1775,서울
322,라이나생명보험,서울 중구 남대문로5가 581 서울시티타워빌딩 14층,생명 보험업,3700,1775,서울
145,한세실업,서울 영등포구 여의도동 13-25 정우빌딩 5층,편조의복 제조업,4000,1758,서울
064,두산건설,서울 강남구 논현2동 105-7 두산빌딩,아파트 건설업,4370,1746,서울
352,한국스탠다드차타드은행,서울 종로구 공평동,외국은행,3650,1729,서울
489,한샘,서울시 서초구 방배동 757-1,가정용 가구 도매업,3420,1728,서울
068,KDB대우증권,서울 영등포구 여의도동 34-3,증권 중개업,4300,1719,서울
673,한국투자공사,서울 중구 회현동2가,-,3190,1705,서울
113,오비맥주,서울 강남구 역삼동,맥아 및 맥주 제조업,4082,1688,서울
146,LG전자,서울 영등포구 여의도동,이동전화기 제조업,4000,1686,서울
904,대한석탄공사,경기 의정부시 의정부2동 501-1,석탄 광업,2734,1682,경기
147,SBS,서울 양천구 목1동 920 SBS방송센터,지상파 방송업,4000,1677,서울
323,LG생활건강,서울 종로구 신문로2가 92,치약 비누 및 기타 세제 제조업,3700,1676,서울
367,바르질라현대엔진,전남 영암군 삼호읍,-,3600,1675,전남
557,현대이피,충남 당진군 석문면 통정리 1233,석유·화학·에너지,3300,1673,충남
434,동아일보사,서울 종로구 세종로 139,신문 발행업,3500,1671,서울
075,포스코,경북 포항시 남구 괴동동 1,제철업,4250,1670,경북
209,그랜드코리아레저,서울 강남구 삼성1동 159 무역센터코엑스(COEX) 컨벤션 별관 4층,기타 갬블링 및 베팅업,3916,1667,서울
027,현대엠코,서울 서초구 양재2동 231 현대기아자동차빌딩서관 7층,공업 및 유사 산업용 건물 건설업,4800,1660,서울
057,LG디스플레이,서울 용산구 한강로3가 65-228,액정 평판 디스플레이 제조업,4400,1657,서울
495,태평양물산,서울시 구로구 구로동 197-21 태평양물산빌딩,근무복 작업복 및 유사의복 제조업,3400,1651,서울
259,SK이노베이션,서울 종로구 서린동 99 SK빌딩,원유 정제처리업,3800,1620,서울
148,삼우종합건축사무소,서울 송파구 신천동 7-22번지 잠실빌딩,건축설계 및 관련 서비스업,4000,1609,서울
368,한국바스프,전남 여수시 화치동 373-15,석유화학계 기초화학물질 제조업,3600,1590,전남
307,KSS해운,서울 종로구 인사동,외항 화물 운송업,3750,1555,서울
475,빙그레,경기 남양주시 도농동 344-3,액상시유 및 기타 낙농제품 제조업,3490,1554,경기
369,금호피앤비화학,전남 여수시 화치동 319,석유화학계 기초화학물질 제조업,3600,1553,전남
751,하나마이크론,충남 아산시 음봉면 연암율금로 77,반도체·광학,3000,1539,충남
045,한화갤러리아,서울 송파구 신천동 7-17 한빛프라자빌딩 11층,백화점,4500,1518,서울
149,한미약품,서울 송파구 방이2동 45,비금융 지주회사,4000,1514,서울
201,이테크건설,서울 강남구 신사동 538 제이타워 5층,공업 및 유사 산업용 건물 건설업,3950,1500,서울
260,한진해운,서울 영등포구 여의도동 25-11 한진해운빌딩,해상운송서비스,3800,1497,서울
370,한국GM,인천 부평구 청천2동 199-1,승용차 및 기타 여객용 자동차 제조업,3600,1470,인천
052,신한생명보험,서울 중구 남대문로1가 14 신한광교빌딩 2층,생명 보험업,4471,1445,서울
902,충남대학교병원,대전광역시 중구 문화로 33 충남대학교병원,공사/공기업,2744,1444,대전
853,한국지역난방공사,경기 성남시 분당구 분당동 186,증기 냉온수 및 공기조절 공급업,2834,1420,경기
639,삼양제넥스,서울 종로구 연지동 263 삼양사,전분제품 및 당류 제조업,3200,1415,서울
150,대원제약,서울 성동구 용답동 229-3,완제 의약품 제조업,4000,1409,서울
371,베바스토동희,울산 남구 용연동 579-9,비금융 지주회사,3600,1405,울산
618,정.식품,충북 청주시 흥덕구 송정동 1-25,기타 비알콜음료 제조업,3250,1404,충북
210,삼성전자서비스,경기 수원시 영통구 원천동 327 삼성전자 CS아카데미,가전제품 수리업,3910,1400,경기
215,AXA손해보험,서울 동작구 신대방2동 395-70 전문건설회관빌딩 12층,손해 보험업,3900,1352,서울
753,인천도시가스,인천 서구 가좌1동 178-24,가스 제조 및 배관공급업,3000,1352,인천
752,우미건설,전남 장성군 장성읍 영천리 944-2 2층,아파트 건설업,3000,1352,전남
151,이랜드리테일,서울 서초구 잠원동 70-2,백화점 운영 할인점 운영 호텔 운영,4000,1342,서울
152,삼성전자판매,서울 서초구 서초동,가전제품 소매업,4000,1342,서울
153,CJ홈쇼핑,서울 서초구 방배2동 2724,기타 통신 판매업,4000,1334,서울
261,현대캐피탈,서울 영등포구 여의도동 15-21 현대캐피탈빌딩,신용카드 및 할부금융업,3800,1317,서울
863,국제엘렉트릭코리아,충남 천안시 서북구 차암동 4-2,반도체 제조용 기계 제조업,2800,1311,충남
154,종근당,서울 서대문구 충정로3가 368,제약·보건·바이오,4000,1310,서울
496,NH농협,서울 중구 충정로1가 75,국내은행,3400,1310,서울
497,쌍용정보통신,서울 중구 저동2가 24-1 쌍용빌딩 12층,시스템 소프트웨어 개발 및 공급업,3400,1306,서울
046,삼성물산,서울 서초구 서초2동 1321-20,상품 종합 도매업,4500,1300,서울
324,HMC투자증권,서울 영등포구 여의도동 25-3,증권 중개업,3700,1284,서울
262,현대카드,서울 영등포구 여의도동 110-1 현대캐피탈빌딩 7층,신용카드 및 할부금융업,3800,1283,서울
372,동서석유화학,울산 남구 부곡동 154,석유화학계 기초화학물질 제조업,3600,1276,울산
754,네패스,서울시 서초구 서초동 1449-2번지 하임벤처빌딩,전자집적회로 제조업,3000,1275,서울
755,한국하니웰,서울시 마포구 상암동 1590번지 상암 IT 타워 한국하니웰,전기회로 개폐 보호 및 접속 장치 제조업,3000,1275,서울
558,동야기전,인천 남동구 남촌동 616-4,그외 기타 자동차 부품 제조업,3300,1272,인천
155,우리아비바생명보험,서울 서대문구 충정로3가,생명 보험업,4000,1258,서울
069,LG상사,서울 영등포구 여의도동 20 LG트윈타워 동관 14층,기타 광업 지원 서비스업,4300,1248,서울
106,신한금융투자,서울 영등포구 여의도동 23-2 신한금융투자타워,증권 중개업,4100,1246,서울
114,한화L&G,서울 중구 장교동 1 한화빌딩 14층,플라스틱 발포 성형제품 제조업,4080,1244,서울
373,미포엔지니어링,울산 남구 달동,기타 엔지니어링 서비스업,3600,1244,울산
536,파마킹,충북 음성군 감곡면 오궁리 363,완제 의약품 제조업,3350,1240,충북
756,동부대우전자,서울 중구 저동1가 1-2 나라키움저동빌딩 14층,기타 가정용 전기기기 제조업,3000,1236,서울
156,KPX케미칼,서울 마포구 공덕동 473번지 KPX빌딩 15층,기타 기초유기화학물질 제조업,4000,1234,서울
040,대우인터내셔널,서울 중구 남대문로5가 84-11 연세세브란스빌딩,상품 종합 도매업,4550,1233,서울
216,포스코P&S,서울 강남구 역삼동 735-3 포스코피앤에스타워,1차 금속제품 도매업,3900,1232,서울
047,현대다이모스,경기 화성시 동탄면,자동차 구동제어장치/시트 제조업,4500,1231,경기
915,한전KDN,서울 서초구 서초2동 1355,컴퓨터시스템 통합 자문 및 구축 서비스업,2705,1227,서울
619,환영철강공업,충남 당진군 석문면 삼화리 650-5,열간 압연 및 압출 제품 제조업,3250,1215,충남
435,SPC그룹,서울 용산구 한남동 729-74,식음료/식품가공,3500,1208,서울
157,S-OIL,서울 마포구 공덕동 471,원유 정제처리업,4000,1204,서울
559,에스케이유화,울산 남구 황성동 600,석유화학계 기초화학물질 제조업,3300,1200,울산
263,대한약품공업,서울 영등포구 양평동4가 8-3,완제 의약품 제조업,3800,1194,서울
325,미래에셋펀드서비스,서울 영등포구 여의도동,그외 기타 금융지원 서비스업,3700,1187,서울
058,알리안츠생명보험,서울 영등포구 여의도동 45-21 알리안츠타워 11층,생명 보험업,4400,1186,서울
757,삼양인터내셔날,서울 종로구 재동 84-2 보헌빌딩 3층,담배 도매업,3000,1185,서울
758,삼양인터내셔날,서울 종로구 재동 84-2 보헌빌딩 3층,담배 도매업,3000,1185,서울
818,한국가스안전공사,충북 음성군 맹동면 원중로 1390 한국가스안전공사,서비스 제조,2923,1147,충북
436,롯데리아,서울 용산구 갈월동 98-6,피자 햄버거 샌드위치 및 유사 음식점업,3500,1146,서울
640,TS대한제당,인천 중구 북성동1가 6-14,설탕 제조업,3200,1146,인천
840,STS반도체통신,충남 천안시 서북구 백석동 555-9,전자집적회로 제조업,2850,1139,충남
841,인켈,인천 부평구 청천2동 3-8,라디오 녹음 및 재생 기기 제조업,2850,1136,인천
374,서울우유협동조합,서울 중랑구 상봉2동 137-7,외식업·식음료,3600,1132,서울
620,성진지오텍,울산 남구 성암동 20-1,기타 구조용 금속제품 제조업,3250,1128,울산
864,삼영순화,충남 천안시 동남구 성남면 대화리 제5일반산업단지 4-1,기타 기초무기화학물질 제조업,2800,1128,충남
809,북한이탈주민지원재단,서울 마포구 창전동 141-4 미지빌딩 7층,정부·공공기관,2966,1123,서울
498,지지무역,서울 중구 장충동1가,근무복 작업복 및 유사의복 제조업,3400,1114,서울
693,신한다이아몬드공업,인천 남동구 남촌동 610-9 남동공단 36B-10L,톱 및 호환성공구 제조업,3100,1104,인천
560,신세계푸드,서울시 중구 회현동1가 204번지 메사빌딩 신세계푸드,기관구내식당업,3300,1100,서울
202,쌍용자동차,경기 평택시 칠괴동 150-3,승용차 및 기타 여객용 자동차 제조업,3950,1067,경기
217,한국오라클,서울 강남구 삼성1동 159-1 무역센터트레이드타워 12층,시스템 소프트웨어 개발 및 공급업,3900,1057,서울
686,국립암센터,경기도 고양시 일산동구 정발산로 111 국립암센터,-,3140,1054,경기
437,삼성생명서비스손해사정,서울 영등포구 당산동4가,기타 보험 및 연금관련 서비스업,3500,1053,서울
218,현대종합금속,서울 강남구 삼성1동 157-37 일송빌딩 16층,그외 기타 분류안된 금속가공제품 제조업,3900,1042,서울
488,한국원자력의학원,서울시 노원구 공릉동 215-4 노원길 75,-,3440,1042,서울
759,다음커뮤니케이션,서울 용산구 한남동 714,포털 및 기타 인터넷 정보매개 서비스업,3000,1036,서울
231,제일약품,서울 서초구 반포1동 745-5,완제 의약품 제조업,3880,1033,서울
909,일진에이테크,울산 남구 여천동 756-1,산업용 섬유세척 염색 정리 및 가공 기계 제조업,2720,1033,울산
849,KOTRA(대한무역투자진흥공사),서울 서초구 염곡동 300-9,기타 산업진흥 행정,2841,1020,서울
760,한국석유공업,서울 용산구 이촌1동 302-79 한석빌딩 5층,아스콘 제조업,3000,1019,서울
264,약진통상,서울 송파구 방이1동 184-1,편조의복 제조업,3800,1018,서울
679,한국후지제록스,서울 중구 정동 34-5 배재정동빌딩 B동,사무용 기계 및 장비 제조업,3150,1016,서울
265,롯데쇼핑 슈퍼사업본부,서울 성동구 행당동 140,유통·무역·상사,3800,1000,서울
561,델코,서울시 서초구 양재동 윈드스톤빌딩 4층,축전지 제조업,3300,1000,서울
761,엠로,서울 영등포구 여의도동 45-11 주택건설회관빌딩 3층,경영컨설팅업,3000,1000,서울
357,한국자산관리공사,서울 강남구 역삼1동 814,금융지주회사,3643,998,서울
762,한국에스엠씨공압,서울 영등포구 여의도동 18-3 스카우트빌딩 8층,유압기기 제조업,3000,998,서울
820,대한제지,충북 청원군 강외면 쌍청리 131-1,신문용지 제조업,2900,998,충북
499,쌍용양회공업,서울 중구 을지로2가,시멘트 제조업,3400,993,서울
918,미래나노텍,충북 청원군 옥산면 남촌리 1113-6,플라스틱 적층 도포 및 기타 표면처리 제품 제조업,2700,993,충북
694,동남정밀,울산 울주군 온산읍 화산리 872,자동차용 엔진 제조업,3100,990,울산
219,롯데하이마트,서울 강남구 대치2동 509 하이마트빌딩 6층,가전제품 소매업,3900,981,서울
438,흥아해운,서울 송파구 문정1동 57 흥아해운빌딩,외항 화물 운송업,3500,980,서울
375,유니온스틸,서울 중구 수하동 66 페럼타워 5층,냉간 압연 및 압출 제품 제조업,3600,977,서울
763,농협유통,서울 서초구 양재2동 230 농협하나로클럽,기타 대형 종합 소매업,3000,975,서울
358,범한판토스,서울 영등포구 여의도동,화물운송 중개 대리 및 관련서비스업,3640,970,서울
266,신도리코,서울 성동구 성수2가3동 277-22,사무용 기계 및 장비 제조업,3800,967,서울
731,청호나이스,충북 진천군 이월면 노원리 45-10,액체 여과기 제조업,3050,967,충북
641,와이지원,인천 부평구 청천1동 68,톱 및 호환성공구 제조업,3200,959,인천
730,린나이코리아,인천 부평구 십정1동 560-2,중앙난방보일러 및 방열기 제조업,3056,951,인천
962,청호컴넷,서울 종로구 연건동 195-12 청호빌딩,사무용 기계 및 장비 제조업,2650,950,서울
308,아이비케이캐피탈,서울 강남구 역삼1동 702-22 건화빌딩 7층,그외 기타 여신금융업,3750,947,서울
376,아모레퍼시픽,서울 중구 수표동,화장품 제조업,3600,943,서울
127,인천국제공항공사,인천 중구 운서동 2850 인천국제공항본부청사,공항 운영업,4007,937,인천
764,농협사료,서울 서초구 양재2동 230 농협하나로클럽,기타 대형 종합 소매업,3000,932,서울
353,동부제철,서울 강남구 대치4동 891-10 동부금융센터 26층,냉간 압연 및 압출 제품 제조업,3650,921,서울
024,롯데면세점,서울 중구 소공동,기타소매업,4900,920,서울
500,금호폴리켐,서울 중구 수표동,합성고무 제조업,3400,920,서울
158,효성그룹,서울 마포구 공덕동 450 효성빌딩,-,4000,919,서울
107,SK증권,서울 영등포구 여의도동 23-10 삼성생명여의도빌딩,증권 중개업,4100,907,서울
889,충북대학교병원,충북 청주시 흥독구 성봉로 410번지,공사/공기업,2789,905,충북
159,롯데케미칼,서울 동작구 신대방2동 395-67 롯데관악타워 11층,석유화학계 기초화학물질 제조업,4000,902,서울
326,한솔섬유,서울 송파구 가락동,편조의복 제조업,3700,900,서울
501,금호석유화학,서울 종로구 신문로1가 115 금호아시아나본관 23층,합성고무 제조업,3400,899,서울
220,STX중공업,경남 창원시 성산구 신촌동 66-5,선박 구성부분품 제조업,3900,898,경남
621,깨끗한나라,서울 중구 충무로2가 49-17 신조양빌딩 8층,크라프트지 및 상자용 판지 제조업,3250,892,서울
545,삼화페인트공업,경기 안산시 단원구 성곡동 677 시화공단 5바 301호,일반용 도료 및 관련제품 제조업,3340,889,경기
482,넥센,경남 김해시 안동 262-14,타이어 및 튜브 제조업,3469,887,경남
530,한솔제지,서울 강남구 역삼1동 736-1 캐피탈타워 21층,인쇄용 및 필기용 원지 제조업,3380,887,서울
552,한국산업단지공단,서울시 구로구 구로디지털3길 3(구로동) 한국산업단지공단,-,3302,882,서울
160,유한양행,서울 동작구 대방동 49-6,의약용 화합물 및 항생물질 제조업,4000,876,서울
161,대륜 E&S,서울 노원구 상계6.7동 712-20,가스 제조 및 배관공급업,4000,869,서울
086,한일시멘트,서울 강남구 역삼1동 832-2 우덕빌딩 15층,시멘트 제조업,4200,862,서울
267,게임빌,서울 서초구 서초1동 1426-1 게임빌빌딩,온라인·모바일 게임 소프트웨어 개발 및 공급업,3800,860,서울
865,한국단자공업,인천 연수구 송도동 7-38,전기회로 개폐 보호 및 접속 장치 제조업,2800,860,인천
548,한국정보통신,서울 중구 남대문로4가 45 상공회의소회관 7층,그외 기타 전기 통신업,3310,858,서울
502,LS네트웍스,서울 용산구 한강로2가,신발 도매업,3400,850,서울
008,현대글로비스,서울 강남구 역삼1동 826-20 대륭강남타워 16층,화물운송 중개 대리 및 관련서비스업,5400,847,서울
162,이랜드그룹,서울 금천구 가산동 371-12 이랜드월드 빌딩,컨설팅업,4000,837,서울
642,에프알엘코리아,서울 중구 충무로1가 24-11 유니클로 5층,셔츠 및 외의 도매업,3200,817,서울
108,롯데건설,서울 서초구 잠원동 50-2 롯데복지센타빌딩,아파트 건설업,4100,814,서울
919,면사랑,충북 진천군 이월면 노원리 14-2,면류 마카로니 및 유사식품 제조업,2700,812,충북
920,씨엔플러스,인천 남동구 고잔동 722 남동공단 151B-6L 아파트형공장 122호,전기회로 개폐 보호 및 접속 장치 제조업,2700,805,인천
196,태진기술,대전 유성구 탑립동 694 고주파부품산업지원센터 205호,전자집적회로 제조업,3960,801,대전
163,파라다이스 워커힐카지노,서울 광진구 광장동 산 21번지 워커힐 카지노,기타 갬블링 및 베팅업,4000,800,서울
207,장금마리타임,서울 중구 북창동 21번지 해남빌딩 신관 2층,물류·운송·배송,3924,800,서울
208,SINOKOR PETROCHEMICAL,서울 중구 북창동 21번지 해남빌딩 신관 2층,물류·운송·배송,3924,800,서울
562,남해화학,서울 중구 충무로3가 60-1 극동빌딩 5층,복합비료 제조업,3300,800,서울
221,삼성테크윈,경남 창원시 성산구 성주동 28,반도체 제조용 기계 제조업,3900,795,경남
643,동국산업,서울 중구 다동 92 다동빌딩 9층,냉간 압연 및 압출 제품 제조업,3200,790,서울
268,풍산,서울 서대문구 충정로3가 95-1 풍산빌딩,동 압연 압출 및 연신제품 제조업,3800,789,서울
087,GS글로벌,서울 강남구 역삼1동 679 GS강남타워 10층,상품 종합 도매업,4200,785,서울
765,텔코웨어,서울 서초구 서초3동 1708-2,시스템 소프트웨어 개발 및 공급업,3000,773,서울
766,알티캐스트,서울 서초구 서초2동 1328-3 나라종합금융빌딩 10층,시스템 소프트웨어 개발 및 공급업,3000,773,서울
821,보령메디앙스,서울 종로구 원남동 66-21 보령빌딩 13층,화장품 제조업,2900,773,서울
439,푸른저축은행,서울 서초구 잠원동,상호저축은행,3500,772,서울
232,대한유화공업,서울 종로구 옥인동 1-1 유남빌딩,합성수지 및 기타 플라스틱물질 제조업,3860,768,서울
377,현대HDS,서울 중구 서소문동 135 올리브타워 18층,시스템 소프트웨어 개발 및 공급업,3600,760,서울
609,중소기업진흥공단,서울 영등포구 여의도동 24-3,기타 산업진흥 행정,3271,760,서울
412,롯데칠성음료,서울 서초구 서초2동 1322-1,기타 비알콜음료 제조업,3550,757,서울
822,에이텍,서울 서초구 서초1동 1451-78 대붕빌딩,컴퓨터 제조업,2900,756,서울
440,자트코코리아,서울 금천구 가산동 550-1 IT캐슬 2동 4층,전기·전자공학 연구개발업,3500,752,서울
866,썬스타,인천 서구 가좌동 178-212 썬스타,그외 기타 특수목적용 기계 제조업,2800,752,인천
269,CJ헬로비전,서울 마포구 상암동 1605번지 누리꿈스퀘어 비즈니스타워 10층,유선방송업,3800,750,서울
441,신원종합개발,서울 관악구 은천동 937-6 원익관악빌딩 2층,아파트 건설업,3500,750,서울
442,하이트진로,서울 강남구 청담동,소주 제조업,3500,748,서울
842,교보문고,서울시 종로구 내수동 73 교보문고빌딩,서적 및 잡지류 소매업,2850,742,서울
867,한미반도체,인천 서구 가좌3동 532-2,반도체 제조용 기계 제조업,2800,742,인천
309,동부CNI IT부문,서울 강남구 삼성1동 154-17 동부삼성동빌딩 7층,컴퓨터시스템 통합 자문 및 구축 서비스업,3750,736,서울
622,교원,서울 중구 을지로2가 6,방문 판매업,3250,735,서울
921,한맥기술,서울시 송파구 거여동 33-3 한맥빌딩,건물 및 토목엔지니어링 서비스업,2700,735,서울
195,한국거래소,부산 동구 범일2동 825-3 눌원빌딩,금융시장 관리업,3975,727,부산
746,우주일렉트로닉스,경기 화성시 양감면 사창리 195-14,그외 기타 전자부품 제조업,3014,725,경기
327,KCC건설,서울 서초구 잠원동 27-8 잠원빌딩 2층,아파트 건설업,3700,725,서울
602,한국감정원,서울 강남구 삼성1동 171-2,부동산 감정평가업,3298,720,서울
644,삼남석유화학,서울 종로구 연지동 263 삼양사 4층,기타 기초유기화학물질 제조업,3200,719,서울
328,JW중외신약,서울 서초구 서초동,완제 의약품 제조업,3700,713,서울
304,루셈,경북 구미시 구포동 구미국가 제4단지 23B-5L,전자집적회로 제조업,3760,708,경북
688,한국과학기술원,서울특별시 성북구 월송길 5(하월곡동 39-1번지),-,3111,701,서울
922,재능교육,서울 종로구 혜화동 55-5,교과서 및 학습서적 출판업,2700,700,서울
378,영원무역,서울 중구 만리동2가,비금융 지주회사,3600,694,서울
203,KT,경기 성남시 분당구 정자동 206,통신업,3950,693,경기
767,롯데알미늄,서울 금천구 독산1동 1005,알루미늄 압연 압출 및 연신제품 제조업,3000,691,서울
645,모토닉,서울 종로구 견지동 68-5 에스앤에스빌딩 8층,그외 기타 자동차 부품 제조업,3200,690,서울
868,모아텍,인천 남동구 구월1동 292,전동기 및 발전기 제조업,2800,688,인천
812,한국옵티칼하이테크,경북 구미시 구포동 구미국가 제4단지 23B-3L,액정 평판 디스플레이 제조업,2960,687,경북
443,동희그룹,서울 강남구 역삼동 705-32 동희빌딩,기계·자동차,3500,687,서울
695,한국프랜지공업,울산 동구 동부동 194,자동차 엔진용 부품 제조업,3100,687,울산
270,LG엔시스,서울 마포구 공덕동 275 LG마포빌딩 5층,시스템 소프트웨어 개발 및 공급업,3800,686,서울
329,한국엔지니어링플라스틱,서울 마포구 공덕동 450 효성빌딩 4층,합성수지 및 기타 플라스틱물질 제조업,3700,676,서울
923,전자랜드,서울 용산구 한강로3가 16-9,가전제품 소매업,2700,676,서울
330,농심,서울 동작구 신대방2동 370 농심사옥,면류 과자류 및 기타식품 제조업,3700,669,서울
070,엑사켐,서울 서초구 반포4동 112-4,기타 화학물질 및 화학제품 도매업,4300,664,서울
563,삼환기업,서울 종로구 운니동 98-20,도로 건설업,3300,663,서울
819,한국관광공사,서울 중구 다동 10,문화 및 관광 행정,2901,663,서울
537,유니드,서울 중구 수하동 66 페럼타워 17층,강화 및 재생 목재 제조업,3350,662,서울
503,한솔케미칼,서울 송파구 가락본동 8-2 중앙일보사빌딩 8층,기타 기초무기화학물질 제조업,3400,657,서울
331,GS네오텍,서울 구로구 구로본동 588,일반전기 공사업,3700,652,서울
504,동원F&B,서울 서초구 양재2동 275 동원산업빌딩,수산동물 훈제 조리 및 유사 조제식품 제조업,3400,651,서울
119,롯데캐피탈,서울 강남구 삼성1동 168-12 캐논타워 7층,신용카드 및 할부금융업,4050,650,서울
164,서울도시가스,서울 강서구 염창동 281,가스 제조 및 배관공급업,4000,650,서울
976,에나인더스트리,충남 천안시 서북구 성거읍 112-1,그외 기타 자동차 부품 제조업,2600,649,충남
271,SK네트웍스,서울 강동구 성내 3동 448-3,상품 종합 도매업,3800,647,서울
165,대한항공,서울 강서구 공항동 1370,정기 항공 운송업,4000,646,서울
869,국일인토트,울산 울주군 웅촌면 검단리 437,선박 구성부분품 제조업,2800,646,울산
166,삼성SNS,서울 강동구 성내3동 448-11,기타 엔지니어링 서비스업,4000,645,서울
444,한국토요타자동차,서울 강남구 역삼1동 679-4 서울인터내셔널타워 3층,자동차 신품 판매업,3500,641,서울
379,대림코퍼레이션,서울 중구 남대문로4가,상품 종합 도매업,3600,637,서울
924,로젠,서울 용산구 한강로3가 16-49 삼구빌딩 10층,택배업,2700,634,서울
912,한국장애인고용공단,경기 성남시 분당구 구미동 구미로 173-59 (구미동 297-1),공사/공기업,2712,632,경기
823,임광토건,서울 서대문구 미근동 267 임광빌딩,아파트 건설업,2900,630,서울
167,노틸러스효성,서울 강남구 청담동 52 청담빌딩 4층,사무용 기계 및 장비 제조업,4000,627,서울
646,에이스종합건설,서울 영등포구 문래동3가 55-20 에이스하이테크시티 2동 401호,사무 및 상업용 건물 건설업,3200,627,서울
088,현대오토에버,서울 강남구 대치동,컴퓨터시스템 통합 자문 및 구축 서비스업,4200,623,서울
168,메트라이프생명보험,서울 강남구 역삼동 707-5 MetLife Tower,생명 보험업,4000,623,서울
031,두산중공업,경남 창원시 성산구 귀곡동 555,기타 기관 및 터빈 제조업,4650,618,경남
977,디아이디,충남 천안시 서북구 백석동 739,액정 평판 디스플레이 제조업,2600,616,충남
891,이카운트,서울 구로구 구로3동 222-14 에이스하이엔드타워 2차 1703호,응용소프트웨어 개발 및 공급업,2780,615,서울
897,태영상선,서울 중구 소공동 51 한진빌딩 신관 6층,외항 화물 운송업,2750,614,서울
089,STX조선해양,경남 창원시 진해구 원포동 100,강선 건조업,4200,611,경남
925,남영비비안,서울 용산구 서빙고동 4-52,내의 및 잠옷 제조업,2700,611,서울
647,금비화장품,서울 송파구 잠실본동 294-11,화장품 제조업,3200,605,서울
768,롯데알미늄,서울 금천구 독산1동 1005,알루미늄 압연 압출 및 연신제품 제조업,3000,604,서울
623,아트원제지,서울 중구 을지로2가,가구·목재·제지,3250,600,서울
769,에이블씨엔씨,서울 금천구 가산동 345-9 SK트윈테크타워 A동 3층,화장품 제조업,3000,600,서울
770,대성산업,서울 구로구 신도림동 692 디큐브시티,도매업 제조업,3000,600,서울
771,대성산업,서울 구로구 신도림동 692 디큐브시티,도매업 제조업,3000,598,서울
332,현대정보기술,서울 강남구 청담동 71-3 지이타워,컴퓨터시스템 통합 자문 및 구축 서비스업,3700,597,서울
505,아주캐피탈,서울 서초구 서초동,금융리스업,3400,597,서울
648,예스코,서울 성동구 용답동 249-8,가스 제조 및 배관공급업,3200,595,서울
696,대상FNF,서울 중랑구 상봉2동 107-6 한남프라자 3층,과실 및 채소 절임식품 제조업,3100,593,서울
506,신도테크노,서울 서초구 서초1동 1604-22 신도빌딩 4층,사무용 가구 및 기기 도매업,3400,590,서울
649,경농,서울 서초구 서초2동,농약 제조업,3200,589,서울
272,푸르덴셜생명보험,서울 강남구 역삼동 838번지 푸르덴셜 타워,생명 보험업,3800,587,서울
273,한일이화,서울 강남구 역삼동 832-2번지 우덕빌딩 3층,자동차 차체용 부품 제조업,3800,585,서울
564,두산동아,서울 종로구 연지동 270 연강빌딩,교과서 및 학습서적 출판업,3300,583,서울
490,동양피스톤,경기 안산시 단원구 신길동 1050 반월공단 B601-21,자동차 엔진용 부품 제조업,3420,582,경기
109,한국무역협회,서울 강남구 삼성1동 159-1 무역센터트레이드타워 4703호,경제단체,4100,581,서울
169,한국오츠카제약,서울 강남구 역삼2동 770-9 오츠카비전빌딩,완제 의약품 제조업,4000,580,서울
624,동방,서울 중구 남대문로2가 118 한진빌딩 23층,수상 화물 취급업,3250,580,서울
346,한국주택금융공사,서울 중구 남대문로5가,공기업공공기관,3694,579,서울
727,한국광물자원공사,서울 동작구 신대방1동,-,3074,572,서울
170,한국타이어,서울 강남구 역삼1동 647-15 한국타이어빌딩,타이어 및 튜브 제조업,4000,571,서울
380,남양유업,서울 중구 남대문로1가 18 대일빌딩 4층,액상시유 및 기타 낙농제품 제조업,3600,571,서울
926,해태제과식품,서울 용산구 남영동 131-1 해태제과,코코아 제품 및 과자류 제조업,2700,566,서울
870,아트서비스,서울 종로구 통의동 35-23,영화 비디오물 및 방송프로그램 제작 관련 서비스업,2800,564,서울
565,삼양홀딩스,서울 종로구 연지동 263,비금융 지주회사,3300,563,서울
850,대흥알앤티,경남 김해시 진례면 청천리 607,그외 기타 자동차 부품 제조업,2840,550,경남
110,디섹,부산 중구 중앙동4가 74-1,기타 엔지니어링 서비스업,4100,550,부산
650,인프라웨어,서울 서초구 반포4동 48-1 반도빌딩 403호,시스템 소프트웨어 개발 및 공급업,3200,545,서울
507,국도화학,서울 금천구 가산동 345-35,합성수지 및 기타 플라스틱물질 제조업,3400,544,서울
477,부광약품,서울 동작구 대방동 398-1,완제 의약품 제조업,3488,542,서울
772,농협사료,서울 강동구 성내1동 451 농협중앙회서울지역본부 4층,동물용 사료 및 조제식품 제조업,3000,542,서울
675,아르타스비엑스,대전 대덕구 대화동 40-42,축전지 제조업,3170,540,대전
817,코레일유통,서울 영등포구 문래동5가 (선유로 9),기타 공공기관,2937,540,서울
538,화승R&A,서울 금천구 가산동,기타 신발 제조업,3350,538,서울
274,LF,서울 강남구 신사동 637-1,남자용 정장 제조업,3800,533,서울
871,티에이케이정보시스템,서울 영등포구 여의도동 25 대한빌딩 6층,컴퓨터시스템 통합 자문 및 구축 서비스업,2800,532,서울
697,동광제약,서울 중구 충무로1가 25-5 고려대연각센타빌딩 12층,완제 의약품 제조업,3100,530,서울
356,한국화학연구원,대전 유성구 장동,-,3644,529,대전
381,현대엠엔소프트,서울 용산구 원효로4가,소프트웨어 개발 무역 통신판매업 데이터베이스,3600,529,서울
773,IS동서,서울 강남구 청담동 53-8 은성빌딩,타일 및 유사 비내화 요업제품 제조업,3000,525,서울
099,대성산업가스,서울 구로구 신도림동,산업용 가스 제조업,4150,521,서울
824,대성엘텍,서울 금천구 가산동 60-19 SJ테크노빌 5층,그외 기타 자동차 부품 제조업,2900,520,서울
171,현대산업개발,서울 강남구 삼성1동 160 아이파크타워,아파트 건설업,4000,519,서울
606,공무원연금공단,서울 강남구 역삼1동 701 상록회관,공공기관,3278,519,서울
825,AJ렌터카,서울 구로구 구로1동 689-20,자동차 임대업,2900,516,서울
927,경방,서울 영등포구 영등포동4가 442-10,면 방적업,2700,516,서울
009,비에이치아이,경남 함안군 군북면 장지리 165-2,증류기열교환기 및 가스발생기 제조업,5400,515,경남
275,디엔컴퍼니,서울 강남구 삼성동 163-3호 대웅제약 빌딩 1층,의약품 도매업,3800,513,서울
508,애경화학,서울 구로구 구로5동 106-3 미성빌딩,합성수지 및 기타 플라스틱물질 제조업,3400,512,서울
698,대우로지스틱스,서울 중구 남대문로5가 526 대우재단 9층,화물운송 중개 대리 및 관련서비스업,3100,510,서울
774,풍림산업,서울 강남구 역삼1동 823 풍림빌딩,아파트 건설업,3000,510,서울
276,대웅제약,서울 강남구 삼성1동 163-3 대웅제약빌딩,의약용 화합물 및 항생물질 제조업,3800,506,서울
775,ADT캡스,서울 강남구 삼성1동 108-9 정석제1빌딩 3층,경비 및 경호 서비스업,3000,506,서울
277,일양약품,서울 강남구 도곡동 544-5,완제 의약품 제조업,3800,500,서울
566,삼양그룹,서울 종로구 연지동 263,-,3300,500,서울
628,삼부토건,서울 중구 남창동 9-1 삼부빌딩 6층,도로 건설업,3243,498,서울
978,케이엠씨,충남 아산시 인주면 걸매리 1026 인주공단 26B,탭 밸브 및 유사장치 제조업,2600,496,충남
509,애경유화,서울 구로구 구로5동 106-3 미성빌딩,비금융 지주회사,3400,495,서울
222,한국NSK,경남 창원시 성산구 성산동 60,볼베어링 및 롤러베어링 제조업,3900,490,경남
872,코스트코코리아,서울 영등포구 양평동3가 65 코스트코코리아,기타 대형 종합 소매업,2800,490,서울
242,아이마켓코리아,서울 강남구 삼성1동 157-1 삼성동빌딩 16층,상품 종합 도매업,3820,488,서울
245,하이로지스틱스,서울 영등포구 문래동6가 36 LG강서빌딩 4층,물류관리,3805,486,서울
445,포스코계열엔투비,서울 강남구 역삼1동 648-23 여삼빌딩 6층,전자상거래업,3500,485,서울
699,현대아이파크몰,서울 용산구 한강로3가 40-999 9층,백화점,3100,480,서울
928,펜타시큐리티시스템,서울 영등포구 여의도동 25-11 한진해운빌딩 20층,시스템 소프트웨어 개발 및 공급업,2700,473,서울
549,삼광글라스,서울 서초구 서초1동 1445-3 국제전자센터 18층,포장용 유리용기 제조업,3310,472,서울
700,롯데기공,서울 용산구 원효로1가 104,제조업,3100,470,서울
873,삼양식품,서울 성북구 월곡1동 82-9,면류 마카로니 및 유사식품 제조업,2800,468,서울
406,한국생산기술연구원,충남 천안시 서북구 입장면 홍천리 35-3 한국생산기술연구원,-,3585,467,충남
446,반도건설,서울 강남구 역삼1동 648 허바허바빌딩 12층,비금융 지주회사,3500,465,서울
651,삼진제약,서울 마포구 서교동 338-8,완제 의약품 제조업,3200,451,서울
333,MG손해보험,서울 강남구 역삼동,손해 보험업,3700,450,서울
567,한국휴렛팩커드,서울 영등포구 여의도동 23-6,컴퓨터 및 주변장치 소프트웨어 도매업,3300,450,서울
843,드림라인,서울 송파구 가락본동 78 아이티벤처타워 동관 9층,유선통신업,2850,448,서울
347,롯데월드,서울 송파구 잠실3동,-,3680,444,서울
447,일진글로벌,서울 강남구 삼성동 128-5,자동차 엔진용 부품 제조업,3500,444,서울
929,퍼시스,서울 송파구 오금동 45-1 퍼시스빌딩,기타 목재가구 제조업,2700,444,서울
826,리홈쿠첸,서울 강남구 삼성1동 156-1 부방빌딩 4층,주방용 전기기기 제조업,2900,441,서울
776,다이소아성산업,서울 강남구 도곡동 545-7번지,상품 종합 도매업,3000,440,서울
539,LG유니참,경북 구미시 공단1동 155,위생용 종이제품 제조업,3350,432,경북
172,E1,서울 강남구 삼성1동 159-1 무역센터아셈타워 13층,차량용 가스 충전업,4000,429,서울
173,동부생명보험,서울 강남구 대치4동 891-10 동부금융센터 7층,생명 보험업,4000,428,서울
484,한국원자력안전기술원,대전 유성구 구성동,원자력 및 방사선 안전규제,3458,427,대전
510,영진약품공업,서울 강동구 천호3동 451-20 2층,완제 의약품 제조업,3400,426,서울
485,벡스코,부산 해운대구 우동 1500,전시 및 행사 대행업,3450,423,부산
063,두원공조,충남 아산시 음봉면 원남리 산16-1,그외 기타 자동차 부품 제조업,4380,423,충남
278,동부메탈,서울 강남구 대치4동 테헤란로 432 동부금융센터 21F,-,3800,421,서울
652,한솔PNS/인티큐브,서울 마포구 상암동 1605 누리꿈스퀘어비즈니스타워 14층,기타 정보기술 및 컴퓨터운영 관련 서비스업,3200,419,서울
908,한국건설기술연구원,경기도 고양시 일산서구 시민대로 1190,공사/공기업,2723,417,경기
568,KT M&S,서울 마포구 상암동,네트워크·모바일,3300,417,서울
090,STX,경남 창원시 성산구 중앙동 93-3,비금융 지주회사,4200,416,경남
701,아이엠투자증권,서울 영등포구 여의도동,증권 중개업,3100,415,서울
279,동국제약,서울 강남구 대치3동 997-8 동국빌딩,완제 의약품 제조업,3800,413,서울
569,율촌화학,서울 동작구 신대방2동 370-1 농심 도연관 15층,플라스틱 포대 봉투 및 유사제품 제조업,3300,411,서울
680,벽산,서울 중구 광희동1가 216 광희빌딩 14층,플라스터 제품 제조업,3150,409,서울
702,휠라코리아,서울 서초구 서초3동 1467-10,셔츠 및 외의 도매업,3100,409,서울
703,강남화성,서울 서초구 서초2동 1355-21 강남빌딩 9층,합성수지 및 기타 플라스틱물질 제조업,3100,409,서울
570,한국의류시험연구원,서울 동대문구 용두동,물질성분 검사 및 분석업,3300,407,서울
729,대선조선,부산 영도구 봉래동4가 12,강선 건조업,3060,404,부산
571,명화공업,서울 금천구 독산1동 299-33,그외 기타 자동차 부품 제조업,3300,403,서울
930,K2코리아,서울 성동구 성수2가3동 278-30,기타 신발 제조업,2700,401,서울
111,성우하이텍,부산 기장군 정관면 달산리 148-12,자동차 차체용 부품 제조업,4100,400,부산
059,한국아스텔라스제약,서울 강남구 청담동 41-2 금하빌딩 6층,완제 의약품 제조업,4400,400,서울
704,솔브레인,서울 마포구 도화동 559 마포트라팰리스 비동 1606호,시스템 소프트웨어 개발 및 공급업,3100,400,서울
931,메디카코리아,서울 서초구 서초3동 1489-2 메디카빌딩 8층,완제 의약품 제조업,2700,400,서울
777,비브라운코리아,서울 강남구 대치4동 892 포스코센터 서관 13층,의료 정밀 및 과학기기 도매업,3000,396,서울
223,LS전선,경기도 안양시 동안구 호계동 1026-6 LS타워,비금융 지주회사,3900,394,경기
280,한국제지,서울 강남구 대치2동 942 해성빌딩 2층,인쇄용 및 필기용 원지 제조업,3800,390,서울
653,아이센스,서울 노원구 월계4동 465-14,그외 기타 의료용 기기 제조업,3200,390,서울
778,동양물산기업,서울 강남구 논현2동 90 대용빌딩 2층,농업 및 임업용 기계 제조업,3000,390,서울
382,하나대투증권,서울 영등포구 여의도동 27-3 하나대투증권빌딩,증권 중개업,3600,389,서울
120,삼성코닝정밀소재,경북 구미시 진평동 644-1,기타 산업용 유리제품 제조업,4050,385,경북
448,오뚜기,서울 강남구 대치동 1009-1 오뚜기센터 인사팀,기타 식품 첨가물 제조업,3500,382,서울
654,한국공항,서울 강서구 방화1동 499-1 한국공항빌딩,기타 항공 운송지원 서비스업,3200,382,서울
779,바이넥스,부산 사하구 장림2동 480-2,완제 의약품 제조업,3000,380,부산
511,이베이코리아,서울 강남구 역삼동,전자상거래업,3400,376,서울
827,금양,부산 사상구 감전동 951-1,그외 기타 분류안된 화학제품 제조업,2900,374,부산
281,부산도시가스,부산 수영구 남천1동 545,가스 제조 및 배관공급업,3800,373,부산
572,코리아세븐,서울 관악구 보라매동 729-21 눈높이보라매센터 11층,체인화 편의점,3300,371,서울
808,유라엘텍,경기 성남시 분당구 삼평동 686-1 유라R&D센터,기타 절연선 및 케이블 제조업,2970,369,경기
857,혜인,서울 서초구 양재동 392-6,건설·광업용 기계 및 장비 도매업,2820,369,서울
629,건화트렐러보그,경북 경산시 진량읍 신상리 1209-4,그외 기타 자동차 부품 제조업,3240,368,경북
732,TNS korea,서울 영등포구 여의도동 14-15 안원빌딩 5층,시장조사 및 여론조사업,3050,367,서울
780,세방,부산 남구 감만1동 624,일반 화물자동차 운송업,3000,365,부산
979,재원산업,전남 여수시 낙포동 159-3,기타 석유정제물 재처리업,2600,362,전남
705,대상,서울 동대문구 신설동 96-48 대상빌딩,전분제품 및 당류 제조업,3100,361,서울
224,명인제약,경기 화성시 팔탄면 노하리 186-1,완제 의약품 제조업,3900,360,경기
383,롯데제과,서울 영등포구 양평동5가,코코아 제품 및 과자류 제조업,3600,360,서울
874,광혁건설,서울 서초구 양재1동 108-7 현산빌딩,토공사업,2800,360,서울
012,현대하이스코,울산 북구 염포동 265,냉간 압연 및 압출 제품 제조업,5200,360,울산
741,푸르밀,서울 영등포구 문래동6가 6-1,액상시유 및 기타 낙농제품 제조업,3040,358,서울
898,사조대림,서울 서초구 방배3동 482-2 대림빌딩,수산동물 훈제 조리 및 유사 조제식품 제조업,2750,356,서울
706,디오텍,서울 금천구 가산동 60-17 백상스타타워1차 14층,시스템 소프트웨어 개발 및 공급업,3100,354,서울
655,세발전지,서울 강남구 역삼2동 708-8 세방빌딩 6층,축전지 제조업,3200,352,서울
573,홈플러스,서울 강남구 역삼1동 701-2 삼정개발빌딩 17층,기타 대형 종합 소매업,3300,351,서울
048,희성촉매,경기 시흥시 정왕동,그외 기타 자동차 부품 제조업,4500,350,경기
354,계룡건설산업,대전 서구 월평1동 519 계룡건설빌딩,사무 및 상업용 건물 건설업,3650,350,대전
174,동부건설,서울 강남구 대치4동 891-10 동부금융센터 14층,도로 건설업,4000,350,서울
980,로얄앤컴퍼니,인천 부평구 청천2동 414-3 한국산업단지공단 부평4단지,금속위생용품 제조업,2600,350,인천
449,동부팜한농,서울 강남구 대치4동 891-10 동부금융센터 20층,농약 제조업,3500,349,서울
733,나이스정보통신,서울 마포구 아현동 686 크레디트센터빌딩 6층,그외 기타 전기 통신업,3050,349,서울
512,데상트코리아,서울 강남구 역삼동,섬유·의류·패션,3400,347,서울
828,파크랜드,부산 금정구 서2동 219-2,남자용 정장 제조업,2900,346,부산
981,디알에프앤,서울 영등포구 여의도동 44-25 정곡빌딩 4층,시스템 소프트웨어 개발 및 공급업,2600,346,서울
479,한국생명공학연구원,대전광역시 유성구 과학로 111(어은동),-,3484,344,대전
175,세아상역,서울 강남구 대치3동 946-12 세아벤처타워,섬유·의류·패션,4000,344,서울
574,대보그룹,서울 강남구 수서동,건설·건축·토목·시공,3300,342,서울
513,동양파이낸셜,서울 강남구 역삼1동 790-1 회성빌딩,그외 기타 여신금융업,3400,340,서울
932,아주산업,서울 서초구 서초2동 1329-3 청남빌딩 5층,레미콘 제조업,2700,340,서울
634,캐스텍코리아,부산 사상구 학장동 750-1,그외 기타 자동차 부품 제조업,3220,337,부산
450,동부익스프레스,서울 강남구 대치4동,-,3500,337,서울
575,신일건업,서울 강남구 삼성2동 8-5,아파트 건설업,3300,336,서울
973,한국기술교육대학교,충남 천안시 동남구 병천면 충절로 1800(가전리 307),공사/공기업,2602,335,충남
656,유코카캐리어스,서울 강남구 역삼1동 736-1 캐피탈타워 13층,외항 화물 운송업,3200,333,서울
657,올림푸스한국,서울 강남구 삼성2동 114-9 올림푸스타워 A동,사진장비 및 광학용품 도매업,3200,332,서울
982,펜타시스템테크놀러지,서울 영등포구 여의도동 25-11번지 한진해운빌딩 21층,시스템 소프트웨어 개발 및 공급업,2600,332,서울
384,근화제약,서울 송파구 가락본동 94,의약용 화합물 및 항생물질 제조업,3600,331,서울
124,캄텍,충북 진천군 이월면 노원리 1143-1,자동차용 동력전달장치 제조업,4030,330,충북
514,대한해운,서울 강남구 삼성1동 145-9 대한해운빌딩 7층,외항 화물 운송업,3400,327,서울
576,에이비비코리아,서울 강남구 삼성1동 157-33 옥산빌딩 7층,배전반 및 전기자동제어반 제조업,3300,327,서울
617,한국방송광고공사,서울 중구 태평로1가 25 프레스센타 17층,광고 대행업,3251,327,서울
658,S&T모티브,부산 기장군 철마면 송정리 5,자동차 엔진용 부품 제조업,3200,326,부산
176,도화엔지니어링,서울 강남구 대치2동 942-1,건물 및 토목엔지니어링 서비스업,4000,326,서울
837,한국개발연구원,서울시 동대문구 회기로 49 한국개발연구원,공사/공기업,2878,326,서울
480,한국해양수산개발원,서울시 마포구 상암동 1652번지(KBS미디어센터 빌딩내),정부출현 연구소,3473,325,서울
282,포스코아이씨티,경북 포항시 남구 호동 606,솔루션·SI·ERP·CRM,3800,324,경북
385,노브랜드,서울 송파구 가락2동 197-15,편조의복 제조업,3600,324,서울
933,포레스코,서울 서초구 서초1동 1677-14 케이비빌딩 4층,그외 기타 기계 및 장비 도매업,2700,324,서울
983,유피에스에스씨에스코리아,서울 영등포구 문래동3가 77-66 한영빌딩 4층,화물운송 중개 대리 및 관련서비스업,2600,324,서울
451,오션어스,부산 해운대구 중2동 1480-7,기타 엔지니어링 서비스업,3500,322,부산
707,애경산업,서울 구로구 구로2동 83,치약 비누 및 기타 세제 제조업,3100,321,서울
681,코스틸,서울 동대문구 전농2동 32-4 하우스토리 4층,냉간 압연 및 압출 제품 제조업,3150,320,서울
934,커머스플래닛,서울 동작구 신대방동370-1 성무관빌딩 8F,쇼핑몰(오픈마켓 전문몰) 화장품PB 개발 및 유통사업,2700,320,서울
781,세방,부산 남구 감만1동 624,일반 화물자동차 운송업,3000,319,부산
550,아주약품공업,서울 구로구 신도림동 413-13 아주빌딩 6층,완제 의약품 제조업,3310,318,서울
708,아워홈,서울 강남구 역삼1동 825-2 메리츠타워 4층,기관구내식당업,3100,312,서울
659,신신기계,부산 기장군 정관면 예림리 940-13,액체 펌프 제조업,3200,311,부산
844,팜스코,경기도성남시분당구삼평동 625번지 농수산홈쇼핑빌딩 6층,동물용 사료 및 조제식품 제조업,2850,308,경기
386,보미종합건설,서울 성북구 동소문동5가,아파트 건설업,3600,308,서울
660,금호타이어,광주 광산구 소촌동 555,타이어 및 튜브 제조업,3200,305,광주
060,고려아연,서울 강남구 논현1동 142 영풍빌딩 15층,연 및 아연 제련 정련 및 합금 제조업,4400,305,서울
935,애니파이브,서울 구로구 구로3동 212-8 대륭포스트타워1차 1603호,시스템 소프트웨어 개발 및 공급업,2700,304,서울
361,세아특수강,경북 포항시 남구 장흥동 747,냉간 압연 및 압출 제품 제조업,3609,302,경북
616,화진,경북 영천시 도남동 206-1,자동차 차체용 부품 제조업,3253,302,경북
283,LG실트론,경북 구미시 임수동 274,다이오드 트랜지스터 및 유사 반도체소자 제조업,3800,301,경북
782,동아지질,부산 금정구 구서2동 1033-2,토공사업,3000,301,부산
967,대화제약,강원 횡성군 횡성읍 마산리 308,완제 의약품 제조업,2640,300,강원
197,대동공업,대구 달성군 논공읍 북리 1-12,농업 및 임업용 기계 제조업,3960,300,대구
577,프렉스에어코리아,서울 강남구 대치동 943-19 신안빌딩 16층,산업용 가스 제조업,3300,300,서울
578,불스원,서울 강남구 대치4동 890-12 다봉빌딩 7층,표면광택제 및 실내가향제 제조업,3300,300,서울
984,에넥스,서울 서초구 서초4동 1308-25,주방용 및 음식점용 목재가구 제조업,2600,300,서울
302,케이티스카이라이프,서울 양천구 목동 918-1 KT 목동사옥 6층,위성 및 기타 방송업,3765,298,서울
284,한국화낙,경남 창원시 성산구 웅남동 39,배전반 및 전기자동제어반 제조업,3800,297,경남
334,오픈타이드코리아,서울 강남구 역삼1동 679-4 서울인터내셔널타워 4층,경영컨설팅업,3700,297,서울
783,만호제강,부산 강서구 송정동 1660-11,철강선 제조업,3000,296,부산
936,알티베이스,서울 구로구 구로3동 182-13 대륭포스트타워2차 1008호,시스템 소프트웨어 개발 및 공급업,2700,296,서울
625,현대로지스틱스,대구 동구 용계동,택배업,3250,295,대구
452,부산롯데호텔,부산 부산진구 부전2동 503-15,호텔업,3500,294,부산
387,네파,서울 성동구 성수동2가,-,3600,294,서울
240,SK가스,서울 종로구 서린동 99 SK빌딩 17층,기체연료 및 관련제품 도매업,3840,291,서울
486,명문제약,경기 화성시 향남읍 상신리 901-1,완제 의약품 제조업,3450,290,경기
784,하이록코리아,부산 강서구 송정동 1467-1,탭 밸브 및 유사장치 제조업,3000,290,부산
177,유한킴벌리,서울 강남구 대치2동 942 해성빌딩 13층,위생용 종이제품 제조업,4000,288,서울
415,LS메탈,서울 강남구 삼성1동,동 압연 압출 및 연신제품 제조업,3520,287,서울
020,LIG손해보험,서울 강남구 역삼1동 649-11,손해 보험업,5000,285,서울
515,포스코에너지,서울 강남구 대치4동,화력 발전업,3400,284,서울
516,디알비동일,부산 금정구 금사동 7,비금융 지주회사,3400,282,부산
579,건설화학공업,부산 부산진구 가야2동 197,일반용 도료 및 관련제품 제조업,3300,280,부산
709,한일맨파워,서울 강남구 도곡2동 450-1 한일빌딩 2층,비주거용 건물 임대업,3100,280,서울
517,평화정공,대구 달서구 대천동,자동차 차체용 부품 제조업,3400,278,대구
785,에이케이켐텍,대전 동구 용전동 72-6 미성빌딩,계면활성제 제조업,3000,278,대전
786,한국로버트보쉬,대전 대덕구 신일동 1685-2,그외 기타 자동차 부품 제조업,3000,278,대전
937,킨코스코리아,서울 강남구 역삼1동 823-23 호산빌딩 2층,기타 인쇄관련 산업,2700,271,서울
787,대구텍,대구 달성군 가창면 용계리 304,금속 절삭기계 제조업,3000,270,대구
518,흥화,경북 포항시 남구 괴동동 117,도로 건설업,3400,269,경북
985,미라지웍스,서울 마포구 상암동 1605 누리꿈스퀘어 R&D타워 1001호,정보보안·백신,2600,267,서울
788,경창산업,대구 달서구 월암동 1-201,기계·설비·자동차,3000,265,대구
061,대한소결금속,대구 달성군 논공읍 본리리 29-10 달성산업단지,분말야금제품 제조업,4400,264,대구
178,코리아니켈,서울 강남구 논현1동 142 영풍빌딩 10층,기타 비철금속 제련 정련 및 합금 제조업,4000,263,서울
734,아토웨이브,서울 금천구 가산동 60-15 리더스타워 1005호,방송장비 제조업,3050,263,서울
313,한림제약,경기 용인시 처인구 유방동 1007,완제 의약품 제조업,3740,260,경기
285,두산엔진,경남 창원시 성산구 신촌동 69-3,내연기관 제조업,3800,260,경남
519,영신정공,경북 경주시 천북면 오야리 408,자동차 엔진용 부품 제조업,3400,260,경북
237,KCC,서울 서초구 서초4동 1301-4,일반용 도료 및 관련제품 제조업,3850,260,서울
938,이글루시큐리티,서울 강남구 삼성2동 143-42 원방빌딩 6층,시스템 소프트웨어 개발 및 공급업,2700,259,서울
814,덕산하이메탈,울산 북구 연암동 597-3,다이오드 트랜지스터 및 유사 반도체소자 제조업,2950,259,울산
034,한국베링거인겔하임,서울 중구 남대문로5가 84-11 연세세브란스빌딩 16층,완제 의약품 제조업,4600,258,서울
970,에스엠엔터테인먼트,서울 강남구 압구정2동 521,음악 및 기타 오디오물 출판업,2619,258,서울
360,광주과학기술원,광주광역시 북구 첨단과기로 261(오룡동),-,3630,254,광주
179,대구은행,대구 수성구 수성동2가 118,국내은행,4000,253,대구
335,하나캐피탈,서울 강남구 역삼1동,신용카드 및 할부금융업,3700,253,서울
336,대웅바이오,서울 강남구 삼성동,제약·보건·바이오,3700,251,서울
735,태창철강,대구 달서구 갈산동 966,그외 기타 1차 철강 제조업,3050,250,대구
580,쎄트렉아이,대전 유성구 전민동 461-26,항공기우주선 및 보조장치 제조업,3300,250,대전
238,진로,서울 서초구 서초1동 1445-14 총무팀,소주 제조업,3850,249,서울
520,덴소풍성,경남 창원시 성산구 성산동 47,그외 기타 자동차 부품 제조업,3400,248,경남
913,한국국제협력단,경기도 성남시 수정구 대왕판교로 418(시흥동 298),공사/공기업,2711,247,경기
453,신용보증재단중앙회,대전 서구 월평동,기타금융서비스업,3500,242,대전
960,나노스,경기 화성시 마도면 쌍송리 667-1,그외 기타 전자부품 제조업,2671,240,경기
581,에네스코,대전 유성구 문지동 103-6 KAIST문지캠퍼스 부속2동,유압기기 제조업,3300,239,대전
986,SG세계물산,서울 금천구 가산동 60-9,셔츠 및 체육복 제조업,2600,239,서울
672,수도권매립지관리공사,인천광역시 서구 백석동 58번지,-,3198,239,인천
521,볼보그룹코리아건설기계,경남 창원시 성산구 귀현동 1,토목공사 및 유사용 기계장비 제조업,3400,238,경남
091,한라산업개발,경기 수원시 팔달구 인계동 1046-1 남경빌딩 4층,폐기물처리 및 오염방지시설 건설업,4200,237,경기
286,성화산업주식회사,경남 진주시 이반성면 진마대로 2498번길 34-2,금속 조립구조재 제조업,3800,237,경남
829,DNF,대전 대덕구 문평동 49-9,그외 기타 분류안된 화학제품 제조업,2900,237,대전
310,휴비스,서울 강남구 논현동,합성섬유 제조업,3750,232,서울
337,부산은행,부산 동구 범일2동 830-38,국내은행,3700,230,부산
963,인성산업,서울 영등포구 영등포동7가 94-46 제일빌딩 16층,금속캔 및 기타 포장용기 제조업,2650,230,서울
388,한국야쿠르트,서울 서초구 잠원동 28-10,액상시유 및 기타 낙농제품 제조업,3600,228,서울
180,제일모직,경북 구미시 공단2동 290,합성수지 및 기타 플라스틱물질 제조업,4000,227,경북
661,화신,경북 영천시 봉동 646,자동차 차체용 부품 제조업,3200,227,경북
789,아주베스틸,경북 포항시 남구 대송면 대각리 766-1,그외 기타 1차 철강 제조업,3000,227,경북
854,에스티아이,경기 안성시 공도읍 양기리 450-5,반도체 제조용 기계 제조업,2830,225,경기
389,대림I&S,서울 마포구 상암동 1652 DMC지구 KBS미디어센터 19층,시스템 소프트웨어 개발 및 공급업,3600,225,서울
682,바이오스페이스,서울 강남구 개포4동,그외 기타 의료용 기기 제조업,3150,225,서울
522,쿠쿠전자,경남 양산시 교동 91,주방용 전기기기 제조업,3400,222,경남
582,중흥건설,광주 북구 신안동 122-3,아파트 건설업,3300,221,광주
987,삼보에이팩,서울 금천구 가산동 345-19,판지 상자 및 용기 제조업,2600,221,서울
287,CJ건설,경기 안양시 동안구 관양1동 1423-2 303호,사무 및 상업용 건물 건설업,3800,220,경기
338,한라비스테온공조,대전 대덕구 신일동 1689-1,공기조화장치 제조업,3700,220,대전
710,삼천리자전거,서울 강남구 논현1동 7,자전거 및 환자용 차량 제조업,3100,220,서울
288,유한화학,경기 안산시 단원구 성곡동 678-1 시화공단 5바 402호,의약용 화합물 및 항생물질 제조업,3800,219,경기
988,세리정보기술,서울 구로구 구로동811 코오롱싸이언스밸리 2차 1204호,SIERPCRMKMS,2600,218,서울
939,KSNET,서울 강남구 삼성1동 168-26 제일빌딩 3층,그외 기타 전기 통신업,2700,217,서울
225,콘티넨탈오토모티브시스템,경기 이천시 사음동 403-2,자동차 엔진용 부품 제조업,3900,216,경기
454,한국델파이,대구 달성군 논공읍 북리 580-1,그외 기타 자동차 부품 제조업,3500,215,대구
830,대성에너지,대구 중구 남산4동 2268-1,응용소프트웨어 개발 및 공급업,2900,213,대구
390,롯데정보통신,서울 금천구 가산동 533-2 롯데센터 15층,시스템 소프트웨어 개발 및 공급업,3600,212,서울
662,현대아이에이치엘,경북 경주시 외동읍 문산1리 742-28,운송장비용 조명장치 제조업,3200,207,경북
964,여의시스템,서울 성동구 성수2가1동 309-52 여의빌딩,산업처리공정 제어장비 제조업,2650,207,서울
790,세명기업,경북 경산시 진량읍 신상3리 1210,그외 기타 자동차 부품 제조업,3000,206,경북
663,신성델타테크,경남 창원시 성산구 웅남동 44-10,기타 가정용 전기기기 제조업,3200,205,경남
901,한국학중앙연구원,경기도 성남시 분당구 하오고개길 110(운중동) 한국학중앙연구원,공사/공기업,2747,203,경기
791,동환산업,경남 창원시 성산구 성산동 52,공기조화장치 제조업,3000,203,경남
664,퍼스텍,경남 창원시 내동 456-8,무기 및 총포탄 제조업,3200,202,경남
483,한국시설안전공단,경기도 고양시 고양대로 315,서비스,3464,201,경기
289,CJ씨푸드,경기 성남시 중원구 상대원2동 5449-1,수산동물 훈제 조리 및 유사 조제식품 제조업,3800,200,경기
793,선진,경기 이천시 대월면 사동리 114-1번지,제조업,3000,200,경기
792,한국태양유전,경남 창원시 마산회원구 양덕2동 974-13 마산수출자유지역,전자코일 변성기 및 기타 전자유도자 제조업,3000,200,경남
836,한국보건사회연구원,서울 은평구 불광1동 산 42-14번지(진흥로 235번지),공기업·공공기관·협회,2879,200,서울
181,삼성탈레스,경북 구미시 공단2동 259 사서함 50호,그외 기타 전자부품 제조업,4000,198,경북
794,다우기술,경기 용인시 수지구 죽전1동 23-7 디지털스퀘어 6층,컴퓨터시스템 통합 자문 및 구축 서비스업,3000,197,경기
940,금강주택,서울 강남구 대치동 889-13번지 금강타워,아파트 건설업,2700,197,서울
339,센트랄,경남 창원시 성산구 성산동 54,자동차 차체용 부품 제조업,3700,193,경남
455,평화산업,대구 달성군 논공읍,자동차 차체용 부품 제조업,3500,190,대구
481,한국표준협회,서울 강남구 역삼1동 701-7 한국기술센터,산업 단체,3473,190,서울
551,삼광전자공업,경기 성남시 중원구 상대원1동 146-1,전자축전기 제조업,3310,189,경기
942,위드텍,대전 유성구 탑립동 900,물질 검사 측정 및 분석기구 제조업,2700,189,대전
941,인포섹,서울 강남구 대치3동 1008-4 새마을운동중앙회 7층,시스템 소프트웨어 개발 및 공급업,2700,189,서울
311,SL,대구 북구 노원동3가 236-3,그외 기타 자동차 부품 제조업,3750,188,대구
665,시그네틱스,경기 파주시 탄현면 법흥리 483-3,전자집적회로 제조업,3200,187,경기
989,두코,서울 구로구 구로동 222-31번지 G+코오롱디지털타워 1309호 1310호,유통·무역·상사,2600,187,서울
795,한일사료,경기 용인시 기흥구 하갈동 213,동물용 사료 및 조제식품 제조업,3000,185,경기
831,율곡,경남 창원시 성산구 양곡동 201-1,항공기용 부품 제조업,2900,185,경남
523,웰리브,경남 거제시 옥포동,기관구내식당업,3400,184,경남
875,금강,서울 서초구 서초동 1305번지 금강제화 빌딩,구두류 제조업,2800,184,서울
125,서한산업,충북 진천군 덕산면 인산리 463,그외 기타 자동차 부품 제조업,4030,182,충북
943,이엘케이,대전 유성구 관평동 687 대덕테크노밸리,다이오드 트랜지스터 및 유사 반도체소자 제조업,2700,181,대전
583,휘닉스소재,경북 구미시 공단1동 130,그외 기타 전자부품 제조업,3300,180,경북
990,경동건설,부산 연제구 연산2동 1985-12,아파트 건설업,2600,180,부산
410,한국발명진흥회,서울 강남구 역삼1동,공공기관·공기업,3554,180,서울
584,덴소풍성전자,경남 창원시 성산구 외동 853-11,그외 기타 자동차 부품 제조업,3300,179,경남
899,KTH,서울 동작구 신대방2동 395-62 삼성보라매옴니타워,포털 및 기타 인터넷 정보매개 서비스업,2750,175,서울
711,동원산업,부산 사상구 모라1동 270-3,도축업,3100,174,부산
796,벽산페인트,경기 안양시 만안구 안양7동 202-4 동영벤처스텔 703호,일반용 도료 및 관련제품 제조업,3000,173,경기
712,화성산업,대구 수성구 황금2동 847-2,아파트 건설업,3100,173,대구
182,만도,경기 평택시 포승읍 만호리 343-1,그외 기타 자동차 부품 제조업,4000,172,경기
630,태양연마,경기 안산시 단원구 성곡동 628-4 반월공단 609B-3L,연마재 제조업,3240,172,경기
944,보성건설,광주 동구 대의동 32 보성빌딩,도로 건설업,2700,171,광주
991,서원유통,부산 북구 덕천2동 310-1,슈퍼마켓,2600,170,부산
876,미샤,서울 서초구 서초3동 1556-2 미샤빌딩 7층,여자용 정장 제조업,2800,170,서울
585,휴맥스,경기도 성남시 분당구 수내동 11-4 휴맥스빌리지,비금융 지주회사,3300,169,경기
832,인탑스,경기 안양시 만안구 안양7동 205-13,이동전화기 제조업,2900,169,경기
524,한국니토옵티칼,경기 평택시 청북면 율북리 1029,플라스틱 필름 시트 및 판 제조업,3400,163,경기
049,한국지역난방기술,경기 성남시 분당구 서현동 266-1 퍼스트타워 6층,기타 엔지니어링 서비스업,4500,159,경기
877,마리오,서울 금천구 가산동 60-22,편조의복 제조업,2800,158,서울
586,태양기계,경기 화성시 팔탄면 창곡리 707,그외 기타 자동차 부품 제조업,3300,157,경기
713,DKC,경북 포항시 북구 청하면 고현리 612-1,합금철 제조업,3100,157,경북
540,영풍전자,경기 안산시 단원구 원시동,인쇄회로기판 제조업,3350,155,경기
666,대동(구신창전기),경기 안산시 단원구 원시동 734-2 반월공단 5B-4호,그외 기타 자동차 부품 제조업,3200,155,경기
736,나래나노텍,경기 용인시 처인구 이동면 188번지 (백옥대로 250),평판디스플레이 제조용 기계 제조업,3050,152,경기
683,오뚜기라면,경기 평택시 안중면 용성리 123-12,면류 마카로니 및 유사식품 제조업,3150,151,경기
587,대보건설,경기 화성시 진안동 914-2 미래프라자 807호,도로 건설업,3300,150,경기
714,롯데시네마,경남 진주시 중안동 12-13,영화관 운영업,3100,150,경남
456,제이브이엠,대구 달서구 호산동 357-96,용기세척 포장 및 충전기 제조업,3500,150,대구
613,중소기업유통센터,서울 양천구 목1동 917-6,백화점,3260,150,서울
900,넥슨네트웍스,서울 강남구 역삼1동 676 삼부빌딩 5층,온라인모바일 게임 소프트웨어 개발 및 공급업,2750,150,서울
588,일진제강,경기 화성시 정남면,냉간 압연 및 압출 제품 제조업,3300,148,경기
878,스틸플라워,부산 해운대구 우1동 1463-1 센텀사어언스파크 18층,강관 제조업,2800,146,부산
992,진합,대전 대덕구 문평동 48-12,금속파스너 및 나사제품 제조업,2600,142,대전
614,동부CSI손해사정,서울 강남구 대치동,손해사정업,3260,142,서울
391,현대스위스저축은행,서울 강남구 청담동 78-6 청담케이알빌딩,상호저축은행,3600,141,서울
674,한국공항공사,서울 강서구 과해동,공항 운영업,3190,141,서울
457,희성전자,대구 달서구 호산동,액정 평판 디스플레이 제조업,3500,139,대구
846,한국보건산업진흥원,서울 동작구 노량진1동 57-1,보건업,2847,137,서울
993,크루셜엠스,대구 달서구 호산동 357-54,이동전화기 제조업,2600,136,대구
945,탑엔지니어링,경북 구미시 고아읍 오로리 60-3,평판디스플레이 제조용 기계 제조업,2700,135,경북
392,넥슨,서울 강남구 역삼2동 707-27 아이타워,온라인·모바일 게임 소프트웨어 개발 및 공급업,3600,135,서울
797,이오테크닉스,경기 안양시 동안구 관양2동 864-4 이오테크닉스 (4호선 인덕원역),반도체 제조용 기계 제조업,3000,134,경기
994,귀뚜라미,경북 청도군 청도읍 월곡리 300,가정용 비전기식 조리 및 난방 기구 제조업,2600,133,경북
879,성철사,부산 해운대구 반여1동 1401,가정용 비전기식 조리 및 난방 기구 제조업,2800,132,부산
458,신아에스비,경남 통영시 도남동 227,강선 건조업,3500,130,경남
880,남선알미늄,대구 달성군 논공읍 본리리 29-13,알루미늄 압연 압출 및 연신제품 제조업,2800,130,대구
126,DSR,서울 강남구 역삼동 646-15,금속·재료·자재,4008,130,서울
715,진양산업,경남 양산시 유산동 240-1,기타제조업,3100,129,경남
798,부전전자,경기 안산시 상록구 사동 1494-4,전자코일 변성기 및 기타 전자유도자 제조업,3000,128,경기
541,코리아써키트,경기 안산시 단원구 성곡동 599,인쇄회로기판 제조업,3350,126,경기
995,KMC,경북 구미시 시미동 167,무기안료 및 기타금속산화물 제조업,2600,126,경북
996,삼성공조,경남 창원시 성산구 내동 456-4,자동차 엔진용 부품 제조업,2600,125,경남
799,삼립식품,경기 시흥시 정왕3동 1253-5 시화공단 1나 606호,빵류 제조업,3000,123,경기
204,한국교육개발원,서울 서초구 바우뫼길 220-1,-,3949,123,서울
035,한진중공업 건설부문,서울 용산구 갈월동,건설·건축·토목·시공,4600,122,서울
906,영진세라믹스,전남 함평군 학교면 죽정리 85-37,기타 내화요업제품 제조업,2730,122,전남
845,대덕GDS,경기 안산시 단원구 원시동 739-3,인쇄회로기판 제조업,2850,120,경기
340,현대위스코,경남 창원시 성산구 남산동 604-4,금속단조제품 제조업,3700,120,경남
716,원진그룹,경남 양산시 산막동 127,구조용 정형내화제품 제조업,3100,120,경남
815,알루텍,서울 금천구 가산동 68번지 대륭포스트타워 5차 4층,유리 및 창호 공사업,2950,120,서울
800,다인정공,경기 시흥시 정왕2동 1257-4 시화공단 2다 705호,톱 및 호환성공구 제조업,3000,119,경기
393,CJ CGV,서울 강남구 신사동 602 4층,영화관 운영업,3600,117,서울
459,경남은행,경남 창원시 마산회원구 석전2동 246-1,국내은행,3500,115,경남
946,일지테크,경북 경산시 진량읍 신상3리 1210-3,자동차 차체용 부품 제조업,2700,115,경북
997,현일개발,경남 창녕군 부곡면 거문리 산263,골프장 운영업,2600,114,경남
965,대양금속,서울 서초구 반포4동 112-1,냉간 압연 및 압출 제품 제조업,2650,114,서울
667,남양공업,경기 안산시 단원구 목내동 390,그외 기타 자동차 부품 제조업,3200,112,경기
305,두산생물자원,경기 부천시 오정구 삼정동 15-6,동물용 사료 및 조제식품 제조업,3760,110,경기
668,CJ파워캐스트,경기 성남시 분당구 서현동,위성 및 기타 방송업,3200,109,경기
947,S&T모터스,경남 창원시 성산구 성산동 77,모터사이클 제조업,2700,109,경남
948,대림자동차공업,경남 창원시 성산구 성산동 58,모터사이클 제조업,2700,109,경남
949,신흥글로벌,경남 창원시 성산구 남산동 604-11번지,목재 포장용 상자 드럼 및 유사용기 제조업,2700,106,경남
882,동국S&C,경북 포항시 남구 장흥동 547-3,금속 조립구조재 제조업,2800,106,경북
881,대신정보통신,광주 동구 금남로5가 42,시스템 소프트웨어 개발 및 공급업,2800,106,광주
290,CJ시스템즈,경기 성남시 분당구 서현동 256 비젼월드빌딩 2층 CJ시스템즈,시스템 소프트웨어 개발 및 공급업,3800,105,경기
801,휴비츠,경기 군포시 금정동 689-3,그외 기타 의료용 기기 제조업,3000,103,경기
239,GS파워,경기 안양시 동안구 평촌동 897-2,화력 발전업,3850,102,경기
183,SK하이닉스,경기 이천시 부발읍 아미리 산136-1,다이오드 트랜지스터 및 유사 반도체소자 제조업,4000,101,경기
589,일진전기,경기 화성시 안녕동,비금융 지주회사,3300,100,경기
883,한국화이바,경남 밀양시 부북면 용지리 181-1,유리섬유 및 광학용 유리 제조업,2800,100,경남
950,대륙프랜지공업,경남 김해시 상동면 매리 151,탭 밸브 및 유사장치 제조업,2700,100,경남
041,건설근로자공제회,서울 강남구 역삼동,건설근로자 공제부금 관리 및 복지사업,4540,100,서울
532,한국여성정책연구원,서울 은평구 불광동,공기업·공공기관·협회,3378,100,서울
590,케이디케이,경기 평택시 포승읍 내기리 679-12,일반용 도료 및 관련제품 제조업,3300,99,경기
966,동아오츠카,경기 안양시 만안구 석수2동 450-1,기타 비알콜음료 제조업,2650,98,경기
394,BGF리테일,서울 강남구 삼성동,체인화 편의점,3600,97,서울
951,대현에스티,경기 화성시 팔탄면 서근리 178-4,플라스틱 적층 도포 및 기타 표면처리 제품 제조업,2700,95,경기
395,한국 IBM,서울 강남구 도곡2동 467-12 군인공제회관,컴퓨터 및 주변장치 소프트웨어 도매업,3600,94,서울
802,국순당,강원 횡성군 둔내면 현천리 81-3,탁주 및 약주 제조업,3000,93,강원
603,코베아,경기 부천시 원미구 약대동 192 부천테크노파크 2단지 202동 401호,가정용 비전기식 조리 및 난방 기구 제조업,3288,93,경기
460,화승R&A,경남 양산시 교동 147-1,산업용 비경화고무제품 제조업,3500,93,경남
833,에스아이플렉스,경기 안산시 단원구 성곡동 594-5 반월공단 21B-14L,인쇄회로기판 제조업,2900,91,경기
848,축산물위해요소중점관리기준원,경기 안양시 만안구 안양8동 경기벤처안양과학대학센터 911호,공기업·공공기관·협회,2844,91,경기
717,아토텍코리아,경기 화성시 장안면 금의리 761-5,기타 화학물질 및 화학제품 도매업,3100,90,경기
910,한국산업인력공단,서울 마포구 공덕동 370-4,직원훈련기관,2720,90,서울
952,유니셈,경기 화성시 동탄면 장지리 509,반도체 제조용 기계 제조업,2700,88,경기
860,우진B&G,경기 화성시 양감면 송산리 528-5,동물용 의약품 제조업,2811,86,경기
461,두원중공업,경남 사천시 축동면 구호리 650,그외 기타 자동차 부품 제조업,3500,86,경남
834,태림포장공업,경기 시흥시 정왕1동 1295-1 시화공단 4나 402호,골판지 및 골판지상자 제조업,2900,85,경기
605,현대HCN,서울 서초구 서초3동 1462-7 에이치씨엔빌딩 10층,유선방송업,3280,82,서울
184,삼성SDI,경기 용인시 기흥구 공세동 428-5 삼성SDI중앙연구소,축전지 제조업,4000,81,경기
462,한국항공우주산업,경남 사천시 사남면 유천리 802,항공기용 부품 제조업,3500,81,경남
916,한국청소년상담복지개발원,서울 중구 신당동 다산로 210 (신당동홍진빌딩),교육·연구및개발,2703,80,서울
291,현대오트론,경기 성남시 분당구 삼평동 688-1 엠텍아이티타워 3층,-,3800,78,경기
463,동일기연,경기 화성시 북양동 215-6,그외 기타 전자부품 제조업,3500,78,경기
591,대승,경기 평택시 서탄면 수월암리 325-4,그외 기타 자동차 부품 제조업,3300,78,경기
998,부마씨이,경남 김해시 주촌면 덕암리 505,토목공사 및 유사용 기계장비 제조업,2600,78,경남
999,삼강엠앤티,경남 고성군 동해면 내산리 159 - 13번지,강관 제조업,2600,78,경남
592,한화제약,경기 용인시 처인구 양지면 남곡리 472,완제 의약품 제조업,3300,75,경기
744,후성테크,경기 수원시 권선구 고색동 989-3,전기회로 개폐 보호 및 접속 장치 제조업,3020,73,경기
742,과학기술정책연구원,서울 동작구 신대방2동 395-70 전문건설회관빌딩 27층,기타 자연과학 연구개발업,3026,73,서울
737,인팩,경기 안산시 상록구 사동 1271-11번지 경기 TP 內,그외 기타 자동차 부품 제조업,3050,72,경기
185,LS산전,경기 안양시 동안구 호계1동 1026-6 LS타워,전기회로 개폐 보호 및 접속 장치 제조업,4000,71,경기
835,주성엔지니어링,경기 광주시 오포읍 능평리 49,반도체 제조용 기계 제조업,2900,71,경기
953,빛샘전자,경기 용인시 기흥구 청덕동 395,다이오드 트랜지스터 및 유사 반도체소자 제조업,2700,67,경기
487,인그리디언코리아,서울시 강남구 언주로 726번지 두산빌딩 8층,전분제품 및 당류 제조업,3450,66,서울
464,노루홀딩스,경기 안양시 만안구 박달동,비금융 지주회사,3500,65,경기
593,고려개발,경기 용인시 수지구 풍덕천2동 1080-4 하나프라자 501호,도로 건설업,3300,65,경기
884,보우테이프,경기 화성시 향남읍 갈천리 215번지,플라스틱 적층 도포 및 기타 표면처리 제품 제조업,2800,63,경기
907,크로시스,부산 사하구 신평동 370-12,선박 구성부분품 제조업,2725,63,부산
728,인천종합에너지,인천 연수구 송도동 13-4,증기 냉온수 및 공기조절 공급업,3073,62,인천
021,현대케피코,경기 군포시 당정동 410,자동차 엔진용 부품 제조업,5000,60,경기
226,삼성코닝,경기 수원시 영통구 이의동 906-10 나노소자특화팹센터(KANC)내,기타 산업용 유리제품 제조업,3900,60,경기
718,건화,경기 용인시 처인구 백암면,건물 및 토목엔지니어링 서비스업,3100,59,경기
719,이화다이아몬드공업,경기 오산시 원동 520-2,톱 및 호환성공구 제조업,3100,56,경기
301,범우화학공업,서울 서초구 양재1동 70-3 범명빌딩,그외 기타 분류안된 화학제품 제조업,3790,55,서울
525,신신제약,경기 안산시 단원구 원시동 776-6 10B-28호,완제 의약품 제조업,3400,52,경기
526,어플라이드머티어리얼즈코리아,경기 성남시 분당구 야탑동 344-1 코리아디자인센타 5층,반도체 제조용 기계 제조업,3400,50,경기
465,이즈미디어,경기 안양시 동안구 관양동 224-5 대륭테크노타운15차 1701호,물질 검사 측정 및 분석기구 제조업,3500,49,경기
186,삼성전자,경기 수원시 영통구 매탄3동 416,이동전화기 제조업,4000,47,경기
959,센텍코리아,경기 파주시 신촌동 63-23,전기경보 및 신호장치 제조업,2687,46,경기
341,코카콜라음료,경남 양산시 유산동 116-1,기타 비알콜음료 제조업,3700,45,경남
292,코오롱글로벌,경기 과천시 별양동 1-23 코오롱타워 12층,도로 건설업,3800,43,경기
890,한국사회적기업진흥원,경기 성남시 수정구 태평2동 3440 대한생명빌딩 8층,공기업·공공기관·협회,2789,42,경기
861,전략물자관리원,서울 강남구 무역센터 트레이드타워 2305호 전략물자관리원,공사/공기업,2804,38,서울
187,마이다스아이티,경기 성남시 분당구 삼평동 663 판교벤처벨리 마이다스아이티동,시스템 소프트웨어 개발 및 공급업,4000,36,경기
198,세원정공,대구 달서구 신당동 1095-9,자동차 차체용 부품 제조업,3960,29,대구
738,이노와이어리스,경기 성남시 분당구 삼평동 633 판교세븐벤처밸리 2단지 1동 201호,기타 무선 통신장비 제조업,3050,27,경기
633,코스맥스,경기 화성시 향남읍 상신리 902-4,비금융 지주회사,3230,25,경기
669,페어차일드코리아반도체,경기 부천시 원미구 도당동 82-3,다이오드 트랜지스터 및 유사 반도체소자 제조업,3200,24,경기
071,현대백화점,서울 강남구 압구정1동 456,백화점,4300,23,서울
896,웰탑테크노스,충남 천안시 서북구 성거읍 모전리 321-10,그외 기타 일반목적용 기계 제조업,2760,22,충남
968,한일산업기술협력재단,서울 강남구 논현2동 112-15 한일재단빌딩 2층,공기업·공공기관·협회,2639,21,서울
858,한일프로텍,서울 구로구 구로3동 212-8 대륭포스트타워1차 1706호,기타 엔지니어링 서비스업,2817,19,서울
594,우리산업,경기 용인시 기흥구 지곡동 531,그외 기타 자동차 부품 제조업,3300,14,경기
036,삼탄,서울 강남구 대치2동 947-7 삼탄빌딩 10층,고체연료 및 관련제품 도매업,4600,11,서울
121,삼성전기,경기 수원시 영통구 매탄3동 314,그외 기타 전자부품 제조업,4050,10,경기
595,대한전선,경기 안양시 동안구 호계동,기타 절연선 및 케이블 제조업,3300,10,경기
954,한국미니스톱,경기 안양시 동안구 관양2동 918-1,체인화 편의점,2700,10,경기
396,상신브레이크,대구 달성군 논공읍,그외 기타 자동차 부품 제조업,3600,8,대구
955,코리아에프티,경기 안성시 원곡면 반제리 산115-1,그외 기타 자동차 부품 제조업,2700,3,경기